name,redshift,absmag,appmag,M-m,distance,velocity
SN2020aabz,0.03,-18.0,17.17,35.17,108.14339512979397,9000.0
SN2020aafb,0.078,-19.2,18.5,37.7,346.73685045253234,23400.0
SN2020aagu,0.073941,-19.6137,18.0,37.6137,333.2268594039262,22182.300000000003
SN2020aajo,0.06,-19.0,18.51,37.510000000000005,317.68740706497755,18000.0
SN2020aakp,0.023349,-18.5744,16.51,35.0844,103.96328649623607,7004.700000000001
SN2020aakx,0.04,-19.0,17.37,36.370000000000005,187.93168168032724,12000.0
SN2020aan,0.086,-19.5,18.4,37.9,380.18939632056123,25799.999999999996
SN2020aaqh,0.08,-19.0,18.93,37.93,385.4783576657721,24000.0
SN2020aary,0.026,-18.7,16.6,35.3,114.81536214968793,7800.0
SN2020aatc,0.015254,-18.8755,15.28,34.155499999999996,67.77975582993658,4576.2
SN2020aatr,0.05273,-18.369,18.5,36.869,236.48304020392206,15819.0
SN2020aauc,0.03339,-17.017,18.85,35.867000000000004,149.07334618664103,10017.0
SN2020aauk,0.039434,-18.9211,17.31,36.2311,176.2868834473097,11830.199999999999
SN2020aavb,0.020884,-18.8408,16.0,34.8408,92.93086936959837,6265.2
SN2020aawb,0.112,-19.68,18.85,38.53,508.15944256055997,33600.0
SN2020aawr,0.03,-19.0,17.04,36.04,161.43585568264868,9000.0
SN2020aaxd,0.1,-19.0,18.89,37.89,378.4425847170928,30000.0
SN2020aazq,0.058,-18.3,18.76,37.06,258.2260190634601,17400.0
SN2020abbi,0.025144,-17.1463,18.1,35.246300000000005,112.01082603706935,7543.2
SN2020abbl,0.021131,-16.7665,18.1,34.8665,94.03726726864814,6339.3
SN2020abbo,0.017,-16.4,17.99,34.39,75.50922276654342,5100.0
SN2020abcl,0.038913,-20.062,16.14,36.202,173.9402139780303,11673.900000000001
SN2020abcq,0.011,-14.8,18.66,33.46,49.20395356814511,3300.0
SN2020abcr,0.05,-19.0,18.03,37.03,254.68302525850444,15000.0
SN2020abcs,0.049,-19.2,17.53,36.730000000000004,221.81964198002194,14700.0
SN2020abdi,0.053,-19.1,17.81,36.91,240.9905428686593,15900.0
SN2020abdr,0.03,-18.0,17.9,35.9,151.3561248436207,9000.0
SN2020abdw,0.032779,-17.3262,18.5,35.8262,146.2985426732161,9833.7
SN2020abed,0.04,-18.0,18.14,36.14,169.0440931643263,12000.0
SN2020abfd,0.045,-18.2,18.35,36.55,204.17379446695233,13500.0
SN2020abfe,0.093,-19.8,18.35,38.150000000000006,426.5795188015934,27900.0
SN2020abge,0.089,-19.9,18.1,38.0,398.10717055349687,26700.0
SN2020abgn,0.074,-19.0,18.6,37.6,331.1311214825908,22200.0
SN2020abgq,0.008029,-16.458,16.3,32.757999999999996,35.612298094276106,2408.7
SN2020abgv,0.057,-18.9,18.19,37.09,261.8183008218992,17100.0
SN2020abir,0.033056,-18.5446,17.3,35.8446,147.5434723122091,9916.800000000001
SN2020abiu,0.042546,-19.0077,17.39,36.3977,190.34435431322214,12763.8
SN2020abjq,0.018433,-18.2984,16.27,34.5684,81.97473096096155,5529.900000000001
SN2020abks,0.055879,-18.7965,18.2,36.9965,250.78410100331652,16763.7
SN2020abku,0.081828,-20.2176,17.62,37.8376,369.4196563704408,24548.399999999998
SN2020abla,0.025144,-17.5763,17.67,35.246300000000005,112.01082603706935,7543.2
SN2020abnu,0.042,-18.8,17.6,36.400000000000006,190.5460717963252,12600.0
SN2020abql,0.015,-18.6,15.5,34.1,66.06934480075964,4500.0
SN2020abrp,0.077,-19.5,18.19,37.69,345.1437393358564,23100.0
SN2020absz,0.021298,-16.2537,18.63,34.8837,94.78508415314802,6389.400000000001
SN2020abty,0.04185,-18.062,18.3,36.362,187.24058959868034,12555.0
SN2020abue,0.028034,-16.7841,18.7,35.4841,124.97409485836037,8410.2
SN2020abxc,0.268,-21.84,18.64,40.480000000000004,1247.3835142429432,80400.0
SN2020abyx,0.016818,-17.5683,16.8,34.368300000000005,74.75840035884336,5045.4
SN2020acaa,0.065,-18.7,18.66,37.36,296.48313895243393,19500.0
SN2020acac,0.015137,-15.7387,18.4,34.1387,67.25738844961289,4541.099999999999
SN2020acbm,0.021732,-17.8377,17.09,34.9277,96.72528098235668,6519.6
SN2020acch,0.017072,-18.411,15.99,34.401,75.8926993362782,5121.6
SN2020acdz,0.074,-19.1,18.48,37.58,328.095293113119,22200.0
SN2020acgt,0.04671,-17.803,18.8,36.603,209.21845949503762,14013.0
SN2020acjy,0.075545,-18.8611,18.8,37.661100000000005,340.58067352585863,22663.5
SN2020ackb,0.033707,-17.3873,18.5,35.887299999999996,150.4734921212017,10112.1
SN2020acma,0.013923,-18.0665,15.89,33.956500000000005,61.844345822713,4176.9
SN2020acpg,0.07,-19.0,18.56,37.56,325.0872973854347,21000.000000000004
SN2020acrr,0.0363,-18.18,17.87,36.05,162.18100973589264,10890.0
SN2020acsn,0.06,-19.0,18.6,37.6,331.1311214825908,18000.0
SN2020actp,0.045795,-19.1592,17.4,36.5592,205.04066419361456,13738.5
SN2020acun,0.021595,-17.1739,17.74,34.9139,96.11252790419573,6478.5
SN2020acwj,0.087,-19.7,18.27,37.97,392.6449353995993,26100.0
SN2020acyl,0.03,-17.0,18.75,35.75,141.25375446227554,9000.0
SN2020aczg,0.025,-16.5,18.69,35.19,109.14403364487572,7500.0
SN2020adgc,0.042,-19.2,17.2,36.4,190.54607179632444,12600.0
SN2020adib,0.1,-20.0,18.5,38.5,501.1872336272715,30000.0
SN2020adii,0.045077,-19.6945,16.83,36.5245,201.7901671153197,13523.1
SN2020adis,0.045319,-19.0663,17.47,36.5363,202.889700008383,13595.699999999999
SN2020adkj,0.029544,-17.2988,18.3,35.5988,131.75284442145178,8863.2
SN2020adkz,0.029603,-18.4032,17.2,35.6032,132.02008255824012,8880.9
SN2020adld,0.05456,-19.084,17.86,36.944,244.7935666196066,16368.0
SN2020adlh,0.038013,-18.9907,17.16,36.1507,169.8791189782174,11403.9
SN2020adnb,0.03394,-17.712,18.19,35.902,151.49559320403455,10182.0
SN2020adns,0.074,-19.5,18.14,37.64,337.2873086588693,22200.0
SN2020adqu,0.05,-19.0,18.13,37.129999999999995,266.68586645214697,15000.0
SN2020adqw,0.019,-15.8,18.82,34.620000000000005,83.94599865193999,5700.0
SN2020adqy,0.011565,-16.7022,16.85,33.5522,51.338124636303625,3469.5
SN2020adw,0.065,-18.9,18.42,37.32,291.07171180666086,19500.0
SN2020aeje,0.02,-17.0,18.2,35.2,109.64781961431873,6000.0
SN2020aejg,0.07711,-18.906,18.8,37.706,347.6962446178128,23133.0
SN2020aeko,0.07,-19.0,18.68,37.68,343.55794789987425,21000.000000000004
SN2020aekp,0.053,-19.3,17.62,36.92,242.102904673618,15900.0
SN2020aem,0.022182,-17.1725,17.8,34.9725,98.74156357468645,6654.6
SN2020aepp,0.049024,-19.0988,17.61,36.7088,219.6645626073391,14707.199999999999
SN2020aeqo,0.030601,-17.7057,17.97,35.6757,136.5023097128759,9180.3
SN2020aeqp,0.061,-19.3,17.9,37.2,275.42287033381746,18300.0
SN2020aer,0.015444,-16.2825,17.9,34.1825,68.62778784114718,4633.2
SN2020aerb,0.05,-19.0,17.8,36.8,229.086765276777,15000.0
SN2020aers,0.031382,-16.8409,18.89,35.730900000000005,140.0167523203789,9414.6
SN2020aeru,0.058,-18.6,18.44,37.040000000000006,255.8585886905653,17400.0
SN2020aesn,0.077146,-18.9074,18.8,37.7074,347.9204849497169,23143.800000000003
SN2020aeth,0.048067,-18.5055,18.16,36.6655,215.32774881109847,14420.1
SN2020aiw,0.0585,-18.84,18.26,37.1,263.02679918953817,17550.0
SN2020akf,0.012454,-15.7236,17.99,33.7136,55.299346619666444,3736.2
SN2020alf,0.06,-20.0,17.63,37.629999999999995,335.73761424295446,18000.0
SN2020alg,0.028136,-17.292,18.2,35.492000000000004,125.42958923023225,8440.800000000001
SN2020amv,0.0452,-17.83,18.7,36.53,202.3019178678276,13560.0
SN2020amy,0.0448,-18.27,18.24,36.51,200.44720273651595,13440.0
SN2020aoi,0.03308,-19.086,16.76,35.846000000000004,147.63862777538628,9924.0
SN2020ap,0.048,-18.4,18.25,36.65,213.79620895022325,14400.0
SN2020aqb,0.01794,-16.629,17.88,34.509,79.76272817384805,5382.0
SN2020aqd,0.07,-19.0,18.0,37.0,251.1886431509582,21000.000000000004
SN2020aqe,0.012208,-16.6301,17.04,33.6701,54.2025851039771,3662.4
SN2020aqy,0.022055,-16.1199,18.84,34.959900000000005,98.17027328974221,6616.500000000001
SN2020arm,0.044,-19.3,17.19,36.49,198.60949173573718,13200.0
SN2020asq,0.055,-18.9,18.05,36.95,245.47089156850336,16500.0
SN2020aut,0.033703,-17.5171,18.37,35.887100000000004,150.45963363862475,10110.9
SN2020av,0.047977,-18.6914,17.97,36.6614,214.92156781005204,14393.1
SN2020avf,0.013006,-15.4281,18.38,33.808099999999996,57.75904448050373,3901.8
SN2020avg,0.036705,-18.694,17.38,36.074,163.98344276265377,11011.5
SN2020avu,0.055,-19.2,17.77,36.97,247.7422057633286,16500.0
SN2020awr,0.07656,-18.931,18.76,37.691,345.3027205056406,22968.0
SN2020ayh,0.017,-18.8,15.64,34.44,77.26805850957021,5100.0
SN2020aze,0.009,-16.0,16.56,32.56,32.50872973854347,2700.0
SN2020bcm,0.075,-18.8,18.8,37.6,331.1311214825908,22500.0
SN2020bds,0.0663,-19.11,18.26,37.370000000000005,297.85164294291906,19890.0
SN2020bec,0.073395,-18.8473,18.75,37.597300000000004,330.71965025099314,22018.5
SN2020bhs,0.06,-19.0,18.58,37.58,328.095293113119,18000.0
SN2020bid,0.02723,-18.66,16.76,35.42,121.33888504649761,8169.0
SN2020bij,0.013176,-16.3363,17.5,33.8363,58.514028648408406,3952.8
SN2020bj,0.05,-19.0,17.88,36.879999999999995,237.68402866248735,15000.0
SN2020bkp,0.013231,-16.8554,16.99,33.8454,58.75975820358104,3969.2999999999997
SN2020bmj,0.04787,-17.857,18.8,36.657,214.48651854917946,14361.0
SN2020bpi,0.041,-18.1,18.23,36.33,184.50154191794738,12300.0
SN2020bqq,0.192,-20.85,18.89,39.74,887.1560120379618,57600.0
SN2020bqr,0.062923,-18.5079,18.75,37.2579,282.86551205883586,18876.9
SN2020bwr,0.060637,-18.8764,18.3,37.1764,272.4457264475058,18191.100000000002
SN2020by,0.023,-16.8,18.3,35.1,104.71285480508985,6900.0
SN2020byp,0.041,-17.3,18.99,36.29,181.13400926195987,12300.0
SN2020cd,0.04,-18.0,18.7,36.7,218.77616239495518,12000.0
SN2020cdi,0.075,-18.7,18.95,37.65,338.8441561392021,22500.0
SN2020cdr,0.01969,-18.722,15.99,34.712,87.57900363063703,5907.0
SN2020cfb,0.0609,-18.51,18.68,37.19,274.15741719278753,18270.0
SN2020ckb,0.02503,-17.436,17.8,35.236000000000004,111.48078033638426,7509.0
SN2020cke,0.023,-16.4,18.7,35.099999999999994,104.71285480508985,6900.0
SN2020ckl,0.1,-19.0,18.9,37.9,380.18939632056123,30000.0
SN2020ckp,0.029851,-18.6214,17.0,35.6214,133.13124702144597,8955.3
SN2020cla,0.058,-18.3,18.78,37.08,260.61535499988975,17400.0
SN2020clq,0.015007,-18.8499,15.27,34.1199,66.67760623341465,4502.099999999999
SN2020clr,0.048258,-17.9942,18.68,36.6742,216.19218955310745,14477.400000000001
SN2020cn,0.077,-19.0,18.68,37.68,343.55794789987425,23100.0
SN2020cp,0.058,-18.7,18.41,37.11,264.24087573219504,17400.0
SN2020cpg,0.035,-17.1,18.85,35.95,154.8816618912486,10500.000000000002
SN2020cpq,0.08164,-18.902,18.93,37.832,368.46818914786803,24492.0
SN2020cqp,0.077,-18.8,18.94,37.74,353.183169791957,23100.0
SN2020csx,0.025794,-18.602,16.7,35.302,114.92115972032397,7738.200000000001
SN2020ctm,0.045,-18.1,18.42,36.52,201.37242498623897,13500.0
SN2020cui,0.0238,-19.13,16.0,35.129999999999995,106.16955571987242,7140.000000000001
SN2020cuj,0.015938,-15.5712,18.68,34.2512,70.83371178019422,4781.400000000001
SN2020cvn,0.04,-18.0,17.96,35.96,155.5965631605075,12000.0
SN2020cvy,0.01734,-16.015,18.42,34.435,77.09034690644309,5202.0
SN2020cw,0.03,-17.0,18.43,35.43,121.89895989248673,9000.0
SN2020cwm,0.096,-19.3,18.91,38.21,438.53069777498513,28800.0
SN2020cxx,0.02,-18.0,16.99,34.989999999999995,99.54054173515254,6000.0
SN2020cyp,0.076,-18.8,18.84,37.64,337.2873086588693,22800.0
SN2020dbg,0.188,-20.77,18.92,39.69,866.9618757582143,56400.0
SN2020dcx,0.025781,-17.0009,18.3,35.3009,114.86295899806794,7734.299999999999
SN2020dgc,0.052328,-18.2822,18.57,36.852199999999996,234.6605044823075,15698.4
SN2020dgy,0.027,-18.8,16.6,35.400000000000006,120.22644346174181,8100.0
SN2020dhm,0.03383,-17.345,18.55,35.894999999999996,151.0080154164143,10149.0
SN2020dic,0.04,-19.0,17.4,36.4,190.54607179632444,12000.0
SN2020djn,0.03129,-17.774,17.95,35.724000000000004,139.57254577067673,9387.0
SN2020do,0.064,-19.0,18.27,37.269999999999996,284.4461107447908,19200.0
SN2020dp,0.052,-19.3,17.54,36.84,233.34580622810046,15600.0
SN2020dpw,0.0048,-15.5,16.13,31.63,21.183611352484956,1439.9999999999998
SN2020ds,0.05765,-18.915,18.15,37.065,258.8212915153093,17295.0
SN2020dsf,0.016081,-18.6706,15.6,34.2706,71.46937759837004,4824.3
SN2020dtd,0.069501,-19.2871,18.19,37.4771,312.91040162108214,20850.3
SN2020du,0.020888,-16.7612,18.08,34.8412,92.94798944512627,6266.400000000001
SN2020duv,0.04567,-18.613,17.94,36.553,204.45606592958566,13701.0
SN2020dvr,0.013,-16.9,16.95,33.849999999999994,58.884365535558715,3900.0
SN2020dwg,0.047987,-18.0519,18.61,36.6619,214.97106102777076,14396.1
SN2020E,0.06,-18.0,18.84,36.84,233.34580622810046,18000.0
SN2020eaf,0.0206,-18.11,16.7,34.81,91.62204901220011,6180.0
SN2020edh,0.033,-17.1,18.7,35.8,144.5439770745928,9900.0
SN2020edi,0.16,-22.2,17.08,39.28,717.7942912713614,48000.0
SN2020eeb,0.055,-18.4,18.58,36.98,248.8857318282385,16500.0
SN2020efb,0.084,-19.0,18.94,37.94,387.2576449216165,25200.0
SN2020ekk,0.011,-17.6,15.8,33.400000000000006,47.863009232264,3300.0
SN2020enm,0.030768,-18.9676,16.72,35.6876,137.25241666259058,9230.4
SN2020eoe,0.04543,-19.042,17.5,36.542,203.42297432117314,13629.0
SN2020epz,0.06,-19.0,18.2,37.2,275.42287033381746,18000.0
SN2020es,0.080283,-18.8255,18.97,37.795500000000004,362.3264175531333,24084.899999999998
SN2020esm,0.036188,-18.3429,17.7,36.0429,161.65159719287362,10856.4
SN2020esx,0.0338,-18.19,17.7,35.89,150.66070661867448,10139.999999999998
SN2020eth,0.048,-19.1,17.6,36.7,218.77616239495518,14400.0
SN2020evi,0.038883,-17.7003,18.5,36.2003,173.80409313916678,11664.9
SN2020evu,0.0581,-18.92,18.16,37.08,260.61535499988975,17430.0
SN2020ewb,0.086,-19.6,18.37,37.97,392.6449353995993,25799.999999999996
SN2020exr,0.09,-20.0,17.9,37.9,380.18939632056123,27000.0
SN2020eyj,0.03,-18.0,17.2,35.2,109.64781961431873,9000.0
SN2020eza,0.028907,-16.8912,18.66,35.5512,128.896166144952,8672.1
SN2020fab,0.085627,-19.1379,18.8,37.9379,386.8833146097994,25688.1
SN2020fca,0.026,-17.6,17.67,35.27,113.24003632355577,7800.0
SN2020fch,0.02723,-17.31,18.11,35.42,121.33888504649761,8169.0
SN2020fhs,0.0145,-17.91,16.14,34.05,64.56542290346549,4350.0
SN2020fht,0.06845,-19.153,18.29,37.443,308.03495365425675,20535.0
SN2020fhw,0.1116,-19.635,18.89,38.525000000000006,506.99070827470655,33480.0
SN2020fqc,0.065,-18.6,18.68,37.28,285.7590543374944,19500.0
SN2020fqv,0.007522,-17.416,15.2,32.616,33.35799966620482,2256.6
SN2020fsb,0.007515,-16.014,16.6,32.614000000000004,33.32728995761386,2254.5
SN2020ftl,0.0073,-18.8,13.8,32.6,33.11311214825914,2190.0
SN2020fxa,0.064391,-19.1287,18.18,37.3087,289.56095479736183,19317.300000000003
SN2020fxm,0.075,-19.6,18.05,37.650000000000006,338.84415613920345,22500.0
SN2020fzx,0.028827,-18.2851,17.26,35.545100000000005,128.53458509445994,8648.1
SN2020G,0.065,-18.9,18.41,37.31,289.73435877013213,19500.0
SN2020gac,0.038671,-18.2883,17.9,36.1883,172.84626523953187,11601.3
SN2020gam,0.066018,-18.6237,18.74,37.363699999999994,296.9887510551092,19805.399999999998
SN2020ghq,0.01521,-15.389,18.76,34.149,67.57716993552872,4563.0
SN2020gpe,0.025414,-19.0696,16.2,35.2696,113.21917865911101,7624.2
SN2020gzy,0.030831,-17.3121,18.38,35.692099999999996,137.53714341582912,9249.300000000001
SN2020hcl,0.075,-19.0,18.61,37.61,332.6595532940047,22500.0
SN2020hcr,0.051,-17.9,18.88,36.78,226.98648518838212,15299.999999999998
SN2020hdc,0.071,-18.8,18.7,37.5,316.22776601683796,21299.999999999996
SN2020hek,0.03789,-18.744,17.4,36.144,169.3557708691517,11367.0
SN2020hen,0.033346,-18.1638,17.7,35.8638,148.8538253738772,10003.800000000001
SN2020hes,0.295,-23.79,16.91,40.7,1380.3842646028868,88500.0
SN2020hfx,0.0592,-19.09,18.03,37.120000000000005,265.4605561975547,17760.0
SN2020hgg,0.0649,-19.02,18.31,37.33,292.4152377843331,19470.0
SN2020hgm,0.04316,-17.469,18.96,36.429,193.1078817558084,12948.0
SN2020hgo,0.0352,-17.98,18.0,35.980000000000004,157.03628043335578,10560.0
SN2020hla,0.02744,-18.227,17.21,35.437,122.29254976262402,8232.0
SN2020hms,0.057287,-18.8513,18.2,37.0513,257.19350677896506,17186.1
SN2020hox,0.03,-18.0,18.0,36.0,158.4893192461111,9000.0
SN2020hsh,0.0747,-18.96,18.68,37.64,337.2873086588693,22410.0
SN2020hvc,0.065,-18.4,18.93,37.33,292.4152377843331,19500.0
SN2020hvp,0.005247,-17.232,14.6,31.832,23.248771015016473,1574.1
SN2020hya,0.064,-19.1,18.16,37.260000000000005,283.1391995799391,19200.0
SN2020hyh,0.032206,-18.3176,17.47,35.7876,143.7209237763754,9661.8
SN2020hzi,0.066388,-19.066,18.31,37.376,298.6757755033484,19916.4
SN2020ibs,0.073524,-19.2212,18.38,37.6012,331.31416187405813,22057.2
SN2020igy,0.031795,-17.4595,18.3,35.7595,141.8730809235147,9538.499999999998
SN2020ihc,0.06,-18.0,18.86,36.86,235.5049283896009,18000.0
SN2020ihr,0.03,-19.0,17.05,36.05,162.18100973589264,9000.0
SN2020iic,0.047151,-19.3233,17.3,36.6233,211.1835081304272,14145.3
SN2020ikp,0.0467,-18.76,17.84,36.6,208.9296130854041,14010.0
SN2020ilb,0.050221,-18.7718,17.99,36.761799999999994,225.0919689000407,15066.300000000001
SN2020iq,0.096,-20.1,18.13,38.230000000000004,442.5883723626274,28800.0
SN2020iyi,0.05465,-18.138,18.81,36.948,245.2449086072018,16395.0
SN2020izc,0.012699,-16.756,17.0,33.756,56.38972803349493,3809.7000000000003
SN2020jar,0.086,-19.1,18.84,37.94,387.2576449216165,25799.999999999996
SN2020jee,0.01993,-18.919,15.82,34.739000000000004,88.67475556540437,5979.0
SN2020jfc,0.027556,-16.6065,18.84,35.4465,122.82874090578139,8266.800000000001
SN2020jfo,0.005224,-17.523,14.3,31.823,23.15261233243764,1567.2
SN2020jfv,0.01709,-16.633,17.77,34.403,75.96263129545528,5127.0
SN2020jgs,0.0321,-18.48,17.3,35.78,143.21878992735455,9629.999999999998
SN2020jhf,0.015371,-19.2722,14.9,34.172200000000004,68.30303473308012,4611.3
SN2020jhj,0.02,-16.0,18.79,34.79,90.78205301781861,6000.0
SN2020jhs,0.065,-19.5,17.84,37.34,293.76496519615307,19500.0
SN2020jit,0.04,-18.0,17.9,35.9,151.3561248436207,12000.0
SN2020jjh,0.047369,-18.2534,18.38,36.633399999999995,212.16805738936083,14210.7
SN2020jjj,0.022836,-16.9359,18.1,35.0359,101.66699800054937,6850.799999999999
SN2020jnr,0.041,-18.4,17.9,36.3,181.97008586099824,12300.0
SN2020jny,0.0237,-17.42,17.7,35.120000000000005,105.68175092136606,7110.0
SN2020jol,0.022,-19.6,15.4,35.0,100.0,6600.0
SN2020jsh,0.01998,-18.474,16.27,34.744,88.87917198848207,5994.0
SN2020jxq,0.055,-18.7,18.3,37.0,251.1886431509582,16500.0
SN2020kbh,0.03456,-17.962,17.98,35.942,154.3121065657791,10368.0
SN2020kbk,0.06,-18.0,18.79,36.79,228.0342072000421,18000.0
SN2020kfb,0.072,-18.7,18.83,37.53,320.62693245054675,21600.0
SN2020kgp,0.028,-17.0,18.5,35.5,125.89254117941661,8400.0
SN2020khr,0.03092,-18.498,17.2,35.698,137.9113469023599,9276.0
SN2020kpx,0.022829,-17.7952,17.24,35.0352,101.63422971449046,6848.7
SN2020kpz,0.039,-17.8,18.37,36.17,171.39573075084252,11700.0
SN2020kqo,0.03,-18.0,18.12,36.120000000000005,167.49428760264382,9000.0
SN2020kro,0.128,-20.33,18.5,38.83,583.4451042737448,38400.0
SN2020ksj,0.09,-19.0,18.89,37.89,378.4425847170928,27000.0
SN2020kyx,0.031985,-18.5525,17.22,35.772499999999994,142.72498301648898,9595.5
SN2020lao,0.031162,-17.8255,17.89,35.715500000000006,139.0272716483979,9348.6
SN2020lba,0.046672,-18.4609,18.14,36.600899999999996,209.01622511126746,14001.6
SN2020lbf,0.056079,-18.4344,18.57,37.004400000000004,251.69813640154283,16823.7
SN2020lfi,0.054569,-18.1944,18.75,36.9444,244.83866341443638,16370.7
SN2020lfn,0.044,-18.2,18.29,36.489999999999995,198.60949173573633,13200.0
SN2020lht,0.076,-19.0,18.7,37.7,346.73685045253234,22800.0
SN2020lil,0.030703,-17.923,17.76,35.683,136.96197186808024,9210.9
SN2020lim,0.06,-19.0,18.37,37.370000000000005,297.85164294291906,18000.0
SN2020lkb,0.014517,-17.1476,16.9,34.0476,64.49410198157969,4355.1
SN2020lkq,0.085,-19.1,18.8,37.900000000000006,380.1893963205628,25500.000000000004
SN2020lkw,0.022541,-17.0075,18.0,35.0075,100.34598491478393,6762.299999999999
SN2020lmd,0.011,-14.7,18.79,33.489999999999995,49.88844874600107,3300.0
SN2020lqq,0.069174,-19.2967,18.17,37.4667,311.4153388100976,20752.2
SN2020lsc,0.030368,-19.259,16.4,35.659,135.4565468242691,9110.4
SN2020lse,0.015844,-19.2383,15.0,34.238299999999995,70.41415955068375,4753.2
SN2020lwk,0.03918,-19.117,17.1,36.217,175.145909941338,11754.0
SN2020lyt,0.04,-18.0,18.41,36.41,191.4255925021086,12000.0
SN2020mad,0.123,-19.92,18.82,38.74,559.7576014951115,36900.0
SN2020mbb,0.093,-19.8,18.32,38.120000000000005,420.7266283844446,27900.0
SN2020mbf,0.04735,-19.013,17.62,36.633,212.12897818830706,14205.000000000002
SN2020mbl,0.06,-18.0,18.9,36.9,239.88329190194852,18000.0
SN2020mcc,0.031021,-18.7856,16.92,35.705600000000004,138.39487253107762,9306.3
SN2020men,0.075,-18.8,18.8,37.6,331.1311214825908,22500.0
SN2020mes,0.08,-19.0,18.78,37.78,359.74933515574304,24000.0
SN2020mfx,0.0392,-18.47,17.75,36.22,175.38805018417602,11760.0
SN2020mjm,0.005134,-16.085,15.7,31.785,22.750974307720668,1540.1999999999998
SN2020mkm,0.064058,-18.4973,18.8,37.2973,288.04477385162403,19217.4
SN2020mmz,0.00531,-17.66,14.2,31.86,23.55049283896009,1592.9999999999998
SN2020mnv,0.025975,-18.4173,16.9,35.3173,115.73374324664381,7792.500000000001
SN2020mqr,0.04106,-18.02,18.3,36.32,183.65383433483436,12318.0
SN2020mta,0.05,-18.0,18.4,36.4,190.54607179632444,15000.0
SN2020mvk,0.015037,-18.6643,15.46,34.124300000000005,66.81285036672782,4511.1
SN2020mvp,0.036091,-17.237,18.8,36.037,161.21297779982424,10827.3
SN2020mwl,0.061142,-18.2747,18.92,37.1947,274.75145437186364,18342.600000000002
SN2020myg,0.065,-18.9,18.43,37.33,292.4152377843331,19500.0
SN2020nah,0.04689,-18.221,18.39,36.611000000000004,209.9906703762428,14067.0
SN2020naj,0.05,-19.0,17.9,36.9,239.88329190194852,15000.0
SN2020nap,0.022,-17.4,17.56,34.959999999999994,98.17479430199825,6600.0
SN2020ndz,0.08,-19.0,18.83,37.83,368.1289736425306,24000.0
SN2020nif,0.010374,-18.0956,15.22,33.3156,46.038376474369,3112.2
SN2020nim,0.06,-19.0,18.44,37.44,307.6096814740705,18000.0
SN2020nin,0.06,-18.0,18.77,36.769999999999996,225.94357702209734,18000.0
SN2020nja,0.018866,-16.319,18.3,34.619,83.9073489910136,5659.8
SN2020nke,0.03065,-16.939,18.74,35.679,136.709910820375,9195.0
SN2020nku,0.02,-18.0,16.79,34.79,90.78205301781861,6000.0
SN2020nlb,0.0036,-19.0,12.0,31.0,15.848931924611142,1080.0
SN2020nli,0.108,-19.78,18.67,38.45,489.77881936844767,32400.0
SN2020noz,0.025,-18.6,16.6,35.2,109.64781961431873,7500.0
SN2020np,0.025,-19.3,15.9,35.2,109.64781961431873,7500.0
SN2020npb,0.03846,-18.906,17.27,36.176,171.8699695397742,11538.0
SN2020npk,0.07,-19.0,18.05,37.05,257.03957827688646,21000.000000000004
SN2020npr,0.056342,-18.0747,18.94,37.014700000000005,252.89485851514416,16902.600000000002
SN2020nti,0.028,-18.5,16.99,35.489999999999995,125.3141174941413,8400.0
SN2020ntl,0.027,-17.9,17.49,35.39,119.67405313072419,8100.0
SN2020nub,0.016558,-18.0544,16.28,34.3344,73.60037040573063,4967.4
SN2020nus,0.055,-19.1,17.84,36.94,244.34305526939713,16500.0
SN2020nuv,0.085,-19.5,18.42,37.92,383.70724549227845,25500.000000000004
SN2020nva,0.05,-19.0,17.9,36.9,239.88329190194852,15000.0
SN2020nvb,0.002939,-18.773,11.8,30.573,13.019670700641402,881.7
SN2020nvt,0.09,-20.0,18.5,38.5,501.1872336272715,27000.0
SN2020nyb,0.015527,-16.3342,17.86,34.194199999999995,68.9985556935861,4658.099999999999
SN2020oaj,0.08,-19.0,18.91,37.91,381.94427084004565,24000.0
SN2020obe,0.043497,-18.1862,18.26,36.446200000000005,194.6435424433369,13049.1
SN2020obf,0.02456,-17.075,18.12,35.195,109.3956366272093,7368.0
SN2020ocx,0.09,-20.0,18.5,38.5,501.1872336272715,27000.0
SN2020ocz,0.003242,-15.276,15.51,30.786,14.361506529074786,972.6
SN2020ofw,0.01861,-16.389,18.2,34.589,82.75609700353533,5583.000000000001
SN2020oha,0.04721,-19.236,17.39,36.626000000000005,211.44625616525937,14163.0
SN2020omq,0.038055,-17.3231,18.83,36.153099999999995,170.06698011593988,11416.5
SN2020onb,0.153,-20.85,18.38,39.230000000000004,701.4552984199713,45900.0
SN2020onu,0.044,-19.0,17.5,36.5,199.52623149688827,13200.0
SN2020onv,0.095,-20.3,17.9,38.2,436.51583224016656,28500.0
SN2020oo,0.0486,-18.19,18.5,36.69,217.77097723531548,14580.0
SN2020orf,0.06,-18.0,18.95,36.95,245.47089156850336,18000.0
SN2020pb,0.06,-18.0,18.8,36.8,229.086765276777,18000.0
SN2020pc,0.097,-19.2,18.97,38.17,430.526610491711,29100.0
SN2020pje,0.051,-18.2,18.6,36.8,229.086765276777,15299.999999999998
SN2020pjj,0.03,-17.0,18.38,35.379999999999995,119.12420080273714,9000.0
SN2020pmf,0.074,-19.1,18.5,37.6,331.1311214825908,22200.0
SN2020pmy,0.07,-19.0,18.88,37.879999999999995,376.70379898390775,21000.000000000004
SN2020ppi,0.014637,-16.5655,17.5,34.0655,65.02794054723707,4391.1
SN2020pql,0.030174,-17.475,18.17,35.645,134.58603540559525,9052.2
SN2020pqv,0.03395,-17.533,18.37,35.903000000000006,151.56537556969843,10185.0
SN2020prg,0.08,-19.0,18.6,37.6,331.1311214825908,24000.0
SN2020pub,0.011,-18.0,15.4,33.4,47.863009232263806,3300.0
SN2020pwj,0.0828,-18.99,18.87,37.86,373.2501577957199,24840.0
SN2020pz,0.04717,-17.874,18.75,36.623999999999995,211.25159662408515,14150.999999999998
SN2020pzn,0.026,-16.5,18.84,35.34,116.94993910198747,7800.0
SN2020qav,0.044738,-18.518,17.99,36.507999999999996,200.2626690340897,13421.4
SN2020qax,0.075,-18.9,18.7,37.599999999999994,331.1311214825908,22500.0
SN2020qbu,0.02,-17.0,17.86,34.86,93.75620069258792,6000.0
SN2020qdo,0.011,-17.7,15.72,33.42,48.30588020397729,3300.0
SN2020qer,0.055715,-18.4901,18.5,36.9901,250.04605095069246,16714.5
SN2020qic,0.048,-18.1,18.6,36.7,218.77616239495518,14400.0
SN2020qim,0.028341,-17.8079,17.7,35.5079,126.35138302206248,8502.300000000001
SN2020qiz,0.07,-19.0,18.73,37.730000000000004,351.560440528299,21000.000000000004
SN2020qjy,0.0678,-19.73,17.69,37.42,304.7894989627983,20340.0
SN2020qlb,0.159,-21.96,17.35,39.31,727.7798045368243,47700.0
SN2020qlr,0.087,-19.2,18.8,38.0,398.10717055349687,26100.0
SN2020qmp,0.003572,-16.697,14.3,30.997,15.827050934310384,1071.6000000000001
SN2020qql,0.076,-19.5,18.2,37.7,346.73685045253234,22800.0
SN2020qqu,0.064367,-18.8079,18.5,37.307900000000004,289.4542962477149,19310.1
SN2020qrz,0.02638,-18.351,17.0,35.351,117.54387398615579,7914.0
SN2020qto,0.0802,-19.29,18.5,37.79,361.40986263961315,24059.999999999996
SN2020qts,0.028,-17.2,18.27,35.47,124.16523075924094,8400.0
SN2020qxp,0.003639,-14.717,16.32,31.037,16.121297779982424,1091.7
SN2020ras,0.02563,-18.058,17.23,35.288,114.18261895482199,7689.0
SN2020rc,0.081,-19.4,18.41,37.81,364.7539469256088,24300.0
SN2020rcq,0.002597,-18.504,11.8,30.304000000000002,11.502705477901161,779.1
SN2020rht,0.04,-17.0,18.9,35.9,151.3561248436207,12000.0
SN2020rhz,0.1,-19.0,18.86,37.86,373.2501577957199,30000.0
SN2020ric,0.04201,-18.99,17.38,36.37,187.93168168032645,12603.0
SN2020rql,0.03,-18.0,17.89,35.89,150.66070661867448,9000.0
SN2020rth,0.0184,-17.22,17.34,34.56,81.65823713585938,5520.0
SN2020rvn,0.020608,-16.3518,18.46,34.811800000000005,91.69802882197374,6182.400000000001
SN2020rws,0.052,-19.0,17.8,36.8,229.086765276777,15600.0
SN2020rxm,0.0818,-18.97,18.87,37.84,369.8281797802674,24540.0
SN2020rye,0.04,-18.0,18.54,36.54,203.23570109362208,12000.0
SN2020saf,0.027035,-18.8248,16.58,35.404799999999994,120.49249575711079,8110.5
SN2020sai,0.03,-17.0,18.53,35.53,127.64388088113435,9000.0
SN2020sbe,0.048,-18.2,18.43,36.629999999999995,211.83611352484957,14400.0
SN2020scc,0.008483,-19.178,13.7,32.878,37.63570016936727,2544.8999999999996
SN2020scd,0.05,-19.0,18.07,37.07,259.4179362118812,15000.0
SN2020sgf,0.022085,-17.1629,17.8,34.962900000000005,98.30599426559495,6625.5
SN2020sgg,0.022742,-18.8269,16.2,35.0269,101.24649557557527,6822.599999999999
SN2020shb,0.0131,-16.37,17.45,33.82,58.07644175213124,3930.0
SN2020sic,0.03324,-17.127,18.73,35.857,148.38841637690186,9972.0
SN2020sj,0.078,-19.1,18.59,37.69,345.1437393358564,23400.0
SN2020sje,0.03,-17.0,18.95,35.95,154.8816618912486,9000.0
SN2020sjo,0.031141,-18.934,16.78,35.714,138.93126817367536,9342.3
SN2020sjv,0.197,-21.25,18.54,39.79,907.8205301781862,59100.0
SN2020sk,0.087,-19.2,18.76,37.96,390.8408957924025,26100.0
SN2020skn,0.07,-19.0,18.78,37.78,359.74933515574304,21000.000000000004
SN2020slh,0.023,-18.1,16.93,35.03,101.39113857366799,6900.0
SN2020spd,0.111,-19.53,18.98,38.510000000000005,503.5006087879068,33300.0
SN2020spq,0.00936,-18.77,14.32,33.09,41.49540426343633,2808.0
SN2020sud,0.06,-18.0,18.72,36.72,220.8004733018897,18000.0
SN2020svn,0.028913,-18.2516,17.3,35.5516,128.91991188320455,8673.9
SN2020svp,0.017886,-19.5926,14.91,34.5026,79.52798886824395,5365.8
SN2020swy,0.032,-18.4,17.4,35.8,144.5439770745928,9600.0
SN2020szr,0.025281,-18.2581,17.0,35.2581,112.62116096749517,7584.3
SN2020szs,0.022125,-17.1268,17.84,34.9668,98.48271208736183,6637.5
SN2020tce,0.06,-19.0,18.09,37.09,261.8183008218992,18000.0
SN2020tcw,0.064457,-21.011,16.3,37.311,289.86781710077594,19337.1
SN2020tef,0.05,-18.0,18.4,36.4,190.54607179632444,15000.0
SN2020tel,0.08,-19.0,18.52,37.519999999999996,319.1537855100758,24000.0
SN2020tjd,0.01,-16.0,17.16,33.16,42.854852039743925,3000.0
SN2020tld,0.011201,-17.5026,15.98,33.482600000000005,49.71872695179497,3360.2999999999997
SN2020tlf,0.008,-18.0,14.64,32.64,33.728730865886924,2400.0
SN2020tnq,0.030334,-18.6566,17.0,35.6566,135.30691741954158,9100.2
SN2020tor,0.03331,-17.851,18.01,35.861000000000004,148.66200985286005,9993.0
SN2020tqn,0.08,-19.0,18.85,37.85,371.5352290971728,24000.0
SN2020uaq,0.115,-20.45,18.14,38.59,522.3961889991198,34500.0
SN2020uas,0.02361,-16.419,18.69,35.109,105.1477539008184,7083.0
SN2020ubl,0.04,-17.0,18.89,35.89,150.66070661867448,12000.0
SN2020ucf,0.051,-18.3,18.5,36.8,229.086765276777,15299.999999999998
SN2020udy,0.017222,-15.8201,18.6,34.420100000000005,76.56318647497805,5166.6
SN2020ue,0.003129,-18.279,12.43,30.709,13.861173512382464,938.6999999999999
SN2020uec,0.016,-17.3,16.98,34.28,71.77942912713615,4800.0
SN2020uem,0.045,-20.0,16.5,36.5,199.52623149688827,13500.0
SN2020uhn,0.03,-18.0,17.9,35.9,151.3561248436207,9000.0
SN2020ukx,0.002305,-15.045,15.0,30.045,10.209394837076808,691.5000000000001
SN2020ulf,0.032169,-18.6851,17.1,35.7851,143.55555416072485,9650.7
SN2020uli,0.016555,-16.834,17.5,34.334,73.58681396510455,4966.5
SN2020ult,0.020721,-17.2137,17.61,34.8237,92.20192746544103,6216.3
SN2020uly,0.0365,-17.52,18.54,36.06,162.92960326397213,10950.0
SN2020unl,0.04,-18.0,18.67,36.67,215.77444091526647,12000.0
SN2020uoo,0.0319,-18.37,17.4,35.769999999999996,142.56075936021878,9570.0
SN2020upe,0.026,-16.6,18.75,35.35,117.48975549395304,7800.0
SN2020uqm,0.048,-18.2,18.44,36.64,212.81390459827088,14400.0
SN2020uqx,0.017329,-16.8536,17.58,34.4336,77.04066094161851,5198.7
SN2020urw,0.054,-19.4,17.5,36.9,239.88329190194852,16200.0
SN2020usa,0.263,-21.9,18.54,40.44,1224.6161992650464,78900.0
SN2020ute,0.018327,-17.0558,17.5,34.555800000000005,81.50044874672973,5498.099999999999
SN2020utf,0.0514,-19.2,17.61,36.81,230.14418174085088,15420.0
SN2020uwo,0.053067,-18.483,18.4,36.882999999999996,238.01262821949857,15920.1
SN2020uxz,0.008246,-19.316,13.5,32.816,36.57631930094523,2473.8
SN2020uyg,0.045,-18.2,18.36,36.56,205.1162178825571,13500.0
SN2020uyn,0.047,-19.7,16.9,36.599999999999994,208.92961308540325,14100.0
SN2020uyr,0.067767,-18.5213,18.9,37.4213,304.9720225700166,20330.1
SN2020var,0.036532,-18.1636,17.9,36.063599999999994,163.19994197258177,10959.6
SN2020vaw,0.017,-17.3,17.13,34.43,76.91304402866098,5100.0
SN2020vcc,0.027456,-17.3385,18.1,35.438500000000005,122.37705564718331,8236.800000000001
SN2020vcf,0.07,-19.0,18.33,37.33,292.4152377843331,21000.000000000004
SN2020vci,0.193,-21.49,18.26,39.75,891.2509381337442,57900.0
SN2020vdm,0.06,-18.0,18.91,36.91,240.9905428686593,18000.0
SN2020vdu,0.055532,-18.5528,18.43,36.9828,249.20686394781384,16659.6
SN2020vdz,0.040822,-19.027,17.28,36.307,182.55763461880687,12246.599999999999
SN2020vg,0.008683,-16.168,16.76,32.928,38.5123482428931,2604.9
SN2020vhw,0.042,-17.8,18.6,36.400000000000006,190.5460717963252,12600.0
SN2020voh,0.01,-16.0,16.96,32.96,39.08408957924025,3000.0
SN2020voz,0.045488,-18.3044,18.24,36.544399999999996,203.6479299933283,13646.4
SN2020vwv,0.033,-18.8,17.06,35.86,148.5935642287009,9900.0
SN2020vxp,0.09,-20.0,18.54,38.54,510.50499997540646,27000.0
SN2020wcj,0.02374,-16.321,18.8,35.121,105.7304303742185,7122.0
SN2020wgr,0.034964,-17.9675,18.0,35.9675,156.13490379696512,10489.2
SN2020wnt,0.032,-18.3,17.52,35.82,145.88142602753476,9600.0
SN2020wob,0.065,-20.1,17.24,37.34,293.76496519615307,19500.0
SN2020wtw,0.039012,-17.8775,18.33,36.207499999999996,174.38133574658323,11703.599999999999
SN2020wut,0.032046,-17.5967,18.18,35.7767,143.00130474851667,9613.8
SN2020wv,0.08,-19.0,18.67,37.67,341.97944251370944,24000.0
SN2020xba,0.04,-18.0,18.46,36.46,195.8844673505989,12000.0
SN2020xcu,0.014473,-15.841,18.2,34.041,64.2983754108246,4341.9
SN2020xe,0.064,-19.0,18.3,37.3,288.40315031266,19200.0
SN2020xhs,0.024377,-16.4786,18.7,35.1786,108.57254048804107,7313.099999999999
SN2020xif,0.078,-19.3,18.45,37.75,354.81338923357606,23400.0
SN2020xky,0.060218,-19.8411,17.32,37.161100000000005,270.53284518300234,18065.4
SN2020xlk,0.060119,-18.4775,18.68,37.1575,270.084710832466,18035.7
SN2020xoq,0.030658,-17.4898,18.19,35.6798,136.76028589167174,9197.4
SN2020xpt,0.065514,-19.2568,18.09,37.3468,294.68633669627866,19654.2
SN2020xqb,0.037,-17.8,18.31,36.11,166.7247212551061,11100.0
SN2020xqj,0.010551,-16.2524,17.1,33.3524,46.825238705774375,3165.2999999999997
SN2020xr,0.03,-17.0,18.56,35.56,129.41958414499865,9000.0
SN2020xsy,0.27,-22.1,18.43,40.53,1276.4388088113435,81000.0
SN2020xtg,0.061195,-19.5866,17.61,37.196600000000004,274.99196224577474,18358.5
SN2020xua,0.021371,-17.2911,17.6,34.8911,95.10864622991005,6411.3
SN2020xv,0.079,-19.1,18.69,37.790000000000006,361.40986263961463,23700.0
SN2020xva,0.017,-15.6,18.76,34.36,74.47319739059888,5100.0
SN2020xvf,0.030554,-17.2724,18.4,35.672399999999996,136.29502385845228,9166.2
SN2020xyj,0.07,-19.0,18.61,37.61,332.6595532940047,21000.000000000004
SN2020xyk,0.01872,-16.102,18.5,34.602000000000004,83.25302067492439,5616.0
SN2020xyw,0.010834,-18.0401,15.37,33.4101,48.08614924299255,3250.2
SN2020ybn,0.096,-19.3,18.85,38.150000000000006,426.5795188015934,28800.0
SN2020ybq,0.02,-16.0,18.89,34.89,95.0604793656281,6000.0
SN2020yex,0.09,-20.0,18.32,38.32,461.3175745603791,27000.0
SN2020ygv,0.05,-19.0,17.49,36.489999999999995,198.60949173573633,15000.0
SN2020yhn,0.055,-18.1,18.89,36.99,250.03453616964296,16500.0
SN2020yjf,0.055,-20.2,16.74,36.94,244.34305526939713,16500.0
SN2020yji,0.07,-19.0,18.1,37.1,263.02679918953817,21000.000000000004
SN2020yjv,0.009,-15.0,17.99,32.989999999999995,39.62780342554385,2700.0
SN2020yjw,0.09,-19.0,18.76,37.760000000000005,356.45113342624535,27000.0
SN2020ykc,0.1,-20.0,18.74,38.739999999999995,559.7576014951093,30000.0
SN2020ym,0.026,-18.3,17.0,35.3,114.81536214968793,7800.0
SN2020ymk,0.06,-18.0,18.68,36.68,216.77041048196963,18000.0
SN2020ypw,0.06,-19.0,18.29,37.29,287.0780582024692,18000.0
SN2020ypz,0.036556,-17.095,18.97,36.065,163.30519478943313,10966.8
SN2020yrn,0.123,-20.38,18.36,38.739999999999995,559.7576014951093,36900.0
SN2020ysl,0.03,-18.0,17.57,35.57,130.01695780332926,9000.0
SN2020ytj,0.063152,-18.7859,18.48,37.2659,283.90954912352277,18945.6
SN2020yuw,0.145,-20.62,18.49,39.11,663.7430704019075,43500.0
SN2020yvu,0.01,-17.0,16.06,33.06,40.926065973001094,3000.0
SN2020ywm,0.047553,-17.8719,18.77,36.6419,213.0001944938073,14265.9
SN2020ywo,0.047567,-19.2926,17.35,36.6426,213.06886871236017,14270.099999999999
SN2020yxv,0.036258,-17.2971,18.75,36.0471,161.96456166746825,10877.4
SN2020yyw,0.03,-18.0,18.12,36.120000000000005,167.49428760264382,9000.0
SN2020yyz,0.015,-15.6,18.52,34.12,66.68067692136218,4500.0
SN2020yzn,0.014643,-17.8064,16.26,34.0664,65.05489795928317,4392.9
SN2020yzo,0.018503,-18.6766,15.9,34.5766,82.28487239795243,5550.9
SN2020yzq,0.01482,-18.193,15.9,34.093,65.85670531543795,4446.0
SN2020zad,0.024187,-19.0115,16.15,35.161500000000004,107.72090663440939,7256.1
SN2020zbj,0.066,-18.7,18.68,37.379999999999995,299.2264636608183,19800.0
SN2020zci,0.07,-19.0,18.79,37.79,361.40986263961315,21000.000000000004
SN2020zds,0.053987,-19.2208,17.7,36.9208,242.19211511206217,16196.1
SN2020zgl,0.006501,-17.899,14.4,32.299,28.82703663307122,1950.3
SN2020zgu,0.041408,-18.9382,17.4,36.3382,185.19958109010048,12422.4
SN2020zj,0.03157,-18.844,16.9,35.744,140.86399463612548,9471.0
SN2020zkt,0.02,-17.0,17.45,34.45,77.62471166286927,6000.0
SN2020zmi,0.02,-19.0,15.69,34.69,86.69618757582161,6000.0
SN2020znj,0.0384,-18.38,17.79,36.17,171.39573075084252,11519.999999999998
SN2020znr,0.1,-21.0,17.31,38.31,459.19801283686945,30000.0
SN2020zoq,0.010044,-16.2252,17.02,33.2452,44.569729674518626,3013.2000000000003
SN2020zpe,0.06,-19.0,18.46,37.46,310.4559588128362,18000.0
SN2020zpi,0.037056,-17.9548,18.14,36.0948,165.56174684428757,11116.8
SN2020zpt,0.015,-15.4,18.75,34.15,67.60829753919819,4500.0
SN2020zqo,0.059658,-18.9406,18.2,37.1406,267.9908708667691,17897.4
SN2020zvy,0.032,-18.1,17.72,35.82,145.88142602753476,9600.0
SN2020zyy,0.059,-19.0,18.14,37.14,267.9168324819037,17700.0
SN2021aaan,0.012319,-15.7198,17.97,33.6898,54.696558318200616,3695.7
SN2021aaao,0.018913,-17.3644,17.26,34.6244,84.1162687692118,5673.9
SN2021aabw,0.032,-17.7,18.07,35.769999999999996,142.56075936021878,9600.0
SN2021aadb,0.07318,-19.991,17.6,37.591,329.76153801591914,21954.0
SN2021aaev,0.1557,-20.547,18.72,39.266999999999996,713.5098944815629,46710.0
SN2021aaft,0.03,-18.0,18.03,36.03,160.69412530128756,9000.0
SN2021aagz,0.061737,-19.516,17.7,37.215999999999994,277.45975598804097,18521.1
SN2021aai,0.007412,-14.734,17.85,32.584,32.87002239687759,2223.6
SN2021aalq,0.024657,-18.3035,16.9,35.2035,109.82469352400213,7397.099999999999
SN2021aano,0.013409,-17.8745,16.0,33.8745,59.5525003041283,4022.7000000000003
SN2021aaqb,0.04,-19.0,17.66,36.66,214.78304741305288,12000.0
SN2021aaqf,0.045,-19.2,17.34,36.54,203.23570109362208,13500.0
SN2021aasl,0.026,-17.4,17.9,35.3,114.81536214968793,7800.0
SN2021aaxs,0.026047,-17.5234,17.8,35.3234,116.05931420818452,7814.1
SN2021aazk,0.065,-18.6,18.75,37.35,295.12092266663905,19500.0
SN2021aazw,0.023563,-16.3244,18.78,35.1044,104.92524694234334,7068.900000000001
SN2021ab,0.07,-19.0,18.7,37.7,346.73685045253234,21000.000000000004
SN2021abbh,0.041,-17.9,18.46,36.36,187.06821403658014,12300.0
SN2021abcv,0.077,-19.1,18.6,37.7,346.73685045253234,23100.0
SN2021abcw,0.023486,-17.8972,17.2,35.0972,104.57792007465089,7045.8
SN2021abds,0.07,-19.0,18.66,37.66,340.40818970100094,21000.000000000004
SN2021abew,0.04,-18.0,18.4,36.4,190.54607179632444,12000.0
SN2021abht,0.035128,-18.9178,17.06,35.9778,156.8772616656017,10538.4
SN2021abhv,0.018,-16.6,17.91,34.510000000000005,79.79946872679785,5400.0
SN2021abif,0.05,-19.0,17.3,36.3,181.97008586099824,15000.0
SN2021abiu,0.053934,-18.8186,18.1,36.9186,241.94686546912334,16180.2
SN2021abjz,0.03,-17.0,18.3,35.3,114.81536214968793,9000.0
SN2021abkm,0.017565,-16.1731,18.29,34.4631,78.094419318407,5269.5
SN2021ablh,0.021062,-15.9893,18.87,34.859300000000005,93.7259821352933,6318.6
SN2021abmf,0.077,-19.1,18.6,37.7,346.73685045253234,23100.0
SN2021abmn,0.04,-19.0,17.13,36.129999999999995,168.26740610704638,12000.0
SN2021abmp,0.023259,-19.096,15.98,35.076,103.56189770449865,6977.7
SN2021abmy,0.028,-18.2,17.25,35.45,123.02687708123811,8400.0
SN2021aboy,0.09,-19.0,18.82,37.82,366.43757464783334,27000.0
SN2021aboz,0.067,-18.6,18.77,37.370000000000005,297.85164294291906,20100.0
SN2021abpg,0.048,-18.7,17.97,36.67,215.77444091526647,14400.0
SN2021abpw,0.063,-19.4,17.89,37.29,287.0780582024692,18900.0
SN2021abqf,0.058,-18.9,18.2,37.099999999999994,263.0267991895371,17400.0
SN2021abqs,0.013377,-15.8193,18.05,33.8693,59.41006123337019,4013.1
SN2021absx,0.056,-18.4,18.59,36.989999999999995,250.03453616964296,16800.0
SN2021abvm,0.040124,-19.1492,17.12,36.2692,179.4072544312699,12037.2
SN2021abwq,0.08,-19.0,18.5,37.5,316.22776601683796,24000.0
SN2021abxv,0.066197,-18.7197,18.65,37.369699999999995,297.8104960601318,19859.100000000002
SN2021abzf,0.025,-19.0,16.2,35.2,109.64781961431873,7500.0
SN2021acbi,0.074,-19.2,18.39,37.59,329.6097121774583,22200.0
SN2021acck,0.044,-18.3,18.16,36.46,195.8844673505989,13200.0
SN2021accx,0.031,-18.9,16.77,35.67,136.14446824659512,9300.0
SN2021aceo,0.048,-18.8,17.82,36.620000000000005,210.86281499332972,14400.0
SN2021acew,0.06892,-18.689,18.77,37.459,310.3130214753422,20676.0
SN2021acey,0.02,-17.0,17.27,34.269999999999996,71.44963260755121,6000.0
SN2021acgj,0.054831,-19.8549,17.1,36.9549,246.02543026411436,16449.3
SN2021aci,0.09,-19.0,18.59,37.59,329.6097121774583,27000.0
SN2021acib,0.05,-18.0,18.88,36.879999999999995,237.68402866248735,15000.0
SN2021acic,0.04401,-17.972,18.5,36.472,196.96996148999213,13203.0
SN2021aclv,0.018279,-18.8501,15.7,34.5501,81.28679492546149,5483.7
SN2021acma,0.018176,-15.9377,18.6,34.5377,80.82393672812273,5452.8
SN2021acna,0.002843,-12.39,18.11,30.5,12.589254117941662,852.9
SN2021acnd,0.02466,-16.404,18.8,35.204,109.84998450583777,7398.0
SN2021acng,0.072074,-19.1573,18.4,37.5573,324.6833363502005,21622.2
SN2021acnt,0.008449,-18.199,14.67,32.869,37.48003605517048,2534.7
SN2021acnu,0.04,-19.0,17.21,36.21,174.58221529205076,12000.0
SN2021acrp,0.066,-19.5,17.9,37.4,301.9951720402019,19800.0
SN2021acsw,0.059,-19.0,18.07,37.07,259.4179362118812,17700.0
SN2021acsz,0.1,-20.0,18.45,38.45,489.77881936844767,30000.0
SN2021acts,0.089,-19.2,18.86,38.06,409.260659730011,26700.0
SN2021acxk,0.033,-18.0,17.81,35.81,145.2111617587745,9900.0
SN2021acxt,0.088,-19.4,18.6,38.0,398.10717055349687,26400.0
SN2021acxz,0.089,-19.2,18.82,38.019999999999996,401.7908108489392,26700.0
SN2021acya,0.063,-20.8,16.48,37.28,285.7590543374944,18900.0
SN2021ad,0.019,-15.8,18.8,34.6,83.17637711026708,5700.0
SN2021adav,0.094,-19.2,18.94,38.14,424.61956394631295,28200.0
SN2021aday,0.039014,-18.6077,17.6,36.2077,174.39739760081585,11704.2
SN2021adcx,0.026775,-18.5336,16.85,35.3836,119.32185599838056,8032.5
SN2021addd,0.037396,-17.3248,18.79,36.1148,167.09367082649513,11218.8
SN2021adgu,0.052486,-18.2388,18.62,36.8588,235.37481951033928,15745.8
SN2021adhw,0.0636,-18.92,18.36,37.28,285.7590543374944,19080.0
SN2021adko,0.06,-20.0,17.3,37.3,288.40315031266,18000.0
SN2021adlr,0.029635,-17.1456,18.46,35.6056,132.16607721056096,8890.5
SN2021adlv,0.032626,-18.156,17.66,35.816,145.61294986160564,9787.800000000001
SN2021adoz,0.056,-19.2,17.78,36.980000000000004,248.88573182823953,16800.0
SN2021adpe,0.019184,-16.9955,17.66,34.6555,85.3296570195113,5755.2
SN2021adpx,0.047,-18.1,18.56,36.66,214.78304741305288,14100.0
SN2021adu,0.053,-18.7,18.15,36.849999999999994,234.42288153199178,15900.0
SN2021aebs,0.036,-17.6,18.4,36.0,158.4893192461111,10800.0
SN2021aeca,0.048137,-18.8287,17.84,36.6687,215.6453014323421,14441.1
SN2021aefs,0.012,-16.6,17.04,33.64,53.45643593969714,3600.0
SN2021aefx,0.005,-20.0,12.0,32.0,25.118864315095824,1500.0
SN2021aein,0.008,-17.0,15.9,32.9,38.018939632056124,2400.0
SN2021aek,0.022295,-17.3736,17.61,34.983599999999996,99.24759692018266,6688.5
SN2021aemm,0.064,-19.0,18.33,37.33,292.4152377843331,19200.0
SN2021aepi,0.076,-18.9,18.78,37.68,343.55794789987425,22800.0
SN2021aeqk,0.098,-19.5,18.71,38.21,438.53069777498513,29400.0
SN2021aesp,0.041141,-18.2041,18.12,36.3241,184.000922340177,12342.3
SN2021aess,0.006581,-14.085,18.24,32.325,29.17427014001172,1974.3
SN2021aeuq,0.037676,-18.8312,17.3,36.1312,168.3604198103412,11302.800000000001
SN2021aevn,0.054606,-18.2859,18.66,36.9459,245.00785039979297,16381.800000000001
SN2021aevx,0.011771,-15.1307,18.46,33.5907,52.25646167798517,3531.3
SN2021aexl,0.075693,-19.2154,18.45,37.6654,341.25576746795906,22707.899999999998
SN2021aexs,0.04462,-17.572,18.93,36.501999999999995,199.71008660281842,13386.0
SN2021aez,0.01573,-16.123,18.1,34.223,69.91977144514593,4719.0
SN2021afaz,0.01983,-16.488,18.24,34.727999999999994,88.22669282177148,5949.0
SN2021afcp,0.041,-18.6,17.73,36.33,184.50154191794738,12300.0
SN2021afiq,0.076,-19.0,18.67,37.67,341.97944251370944,22800.0
SN2021afit,0.048,-19.1,17.6,36.7,218.77616239495518,14400.0
SN2021afmy,0.039524,-18.0361,18.2,36.2361,176.6932666836672,11857.199999999999
SN2021afom,0.063,-19.3,17.94,37.24,280.5433637951716,18900.0
SN2021afps,0.011535,-16.6466,16.9,33.5466,51.20589955835375,3460.5
SN2021afqx,0.015,-18.1,16.06,34.16,67.9203632617183,4500.0
SN2021afry,0.03319,-18.363,17.49,35.852999999999994,148.11532641485468,9957.0
SN2021afsj,0.012238,-18.4155,15.26,33.6755,54.337543390633414,3671.4
SN2021afud,0.025414,-16.6696,18.6,35.2696,113.21917865911101,7624.2
SN2021afui,0.071,-18.8,18.7,37.5,316.22776601683796,21299.999999999996
SN2021afuo,0.090041,-19.5691,18.48,38.049099999999996,407.2114677936024,27012.3
SN2021afyp,0.032227,-18.289,17.5,35.789,143.81361395680747,9668.1
SN2021agbf,0.026,-17.1,18.2,35.3,114.81536214968793,7800.0
SN2021agbk,0.046932,-18.9231,17.69,36.6131,210.19384758795562,14079.6
SN2021agbn,0.014864,-16.5391,17.56,34.0991,66.04196702280164,4459.2
SN2021agbz,0.044,-19.2,17.23,36.43,193.19683170169222,13200.0
SN2021agdm,0.011405,-16.7219,16.8,33.5219,50.626744333181676,3421.5
SN2021aged,0.026,-17.7,17.59,35.29,114.28783347897713,7800.0
SN2021agee,0.023173,-18.2679,16.8,35.0679,103.17631197259375,6951.9
SN2021agej,0.04,-18.0,18.17,36.17,171.39573075084252,12000.0
SN2021agep,0.020522,-18.4326,16.37,34.8026,91.310348429438,6156.599999999999
SN2021agfa,0.05,-19.0,18.1,37.1,263.02679918953817,15000.0
SN2021agfp,0.04,-18.0,18.1,36.1,165.9586907437563,12000.0
SN2021aggc,0.034782,-18.4561,17.5,35.9561,155.31735998734743,10434.6
SN2021aggi,0.043571,-18.3699,18.08,36.4499,194.97548081634073,13071.3
SN2021aggu,0.029109,-18.4664,17.1,35.5664,129.80158630230326,8732.7
SN2021aghc,0.095672,-20.4435,17.74,38.183499999999995,433.2115230872219,28701.6
SN2021aghw,0.04136,-18.556,17.78,36.336,185.0120434771855,12408.0
SN2021agid,0.011028,-15.9487,17.5,33.4487,48.94856901951652,3308.4
SN2021agjd,0.039471,-19.0632,17.17,36.2332,176.45745044143464,11841.3
SN2021agjm,0.047,-19.0,17.63,36.629999999999995,211.83611352484957,14100.0
SN2021agjv,0.030265,-17.1616,18.49,35.6516,134.9957201451103,9079.5
SN2021agkc,0.041191,-19.1267,17.2,36.3267,184.22136673381033,12357.3
SN2021agle,0.016682,-16.9706,17.38,34.3506,74.15151011913623,5004.599999999999
SN2021aglf,0.047997,-18.9523,17.71,36.6623,215.0106638080537,14399.099999999999
SN2021aglk,0.037126,-18.7989,17.3,36.0989,165.8746425520268,11137.8
SN2021agml,0.025,-17.2,18.0,35.2,109.64781961431873,7500.0
SN2021agmw,0.030718,-18.6841,17.0,35.6841,137.03137009492258,9215.4
SN2021agpj,0.015221,-18.6508,15.5,34.150800000000004,67.63320994524359,4566.3
SN2021agps,0.046215,-18.2693,18.31,36.5793,206.94741216157215,13864.5
SN2021agqe,0.078,-19.4,18.38,37.78,359.74933515574304,23400.0
SN2021agqh,0.05,-18.0,18.91,36.91,240.9905428686593,15000.0
SN2021agqu,0.077,-18.8,18.86,37.66,340.40818970100094,23100.0
SN2021agqw,0.020467,-16.4368,18.36,34.796800000000005,91.06678403166742,6140.099999999999
SN2021agre,0.035,-18.9,17.1,36.0,158.4893192461111,10500.000000000002
SN2021agrf,0.044362,-17.5494,18.94,36.4894,198.55462148609212,13308.6
SN2021agrl,0.081326,-19.814,18.01,37.824,367.11319968796414,24397.8
SN2021agro,0.075,-19.3,18.38,37.68,343.55794789987425,22500.0
SN2021agxy,0.059907,-19.2697,17.88,37.149699999999996,269.1162980337153,17972.100000000002
SN2021ahoe,0.05,-19.0,17.67,36.67,215.77444091526647,15000.0
SN2021ahot,0.031358,-19.0492,16.68,35.7292,139.90717905181143,9407.4
SN2021ahpl,0.051,-19.3,17.5,36.8,229.086765276777,15299.999999999998
SN2021aid,0.045,-18.6,17.95,36.55,204.17379446695233,13500.0
SN2021ajy,0.067518,-18.7232,18.69,37.4132,303.8365387372575,20255.399999999998
SN2021akw,0.034,-18.7,17.18,35.879999999999995,149.96848355023678,10200.0
SN2021ara,0.03,-17.0,18.29,35.29,114.28783347897713,9000.0
SN2021arr,0.267,-21.63,18.85,40.480000000000004,1247.3835142429432,80100.0
SN2021ass,0.011791,-15.6944,17.9,33.5944,52.34557804244622,3537.2999999999997
SN2021avg,0.031,-17.4,18.34,35.739999999999995,140.60475241299127,9300.0
SN2021awr,0.02357,-16.905,18.2,35.105000000000004,104.95424286523242,7071.0
SN2021azi,0.08,-19.0,18.89,37.89,378.4425847170928,24000.0
SN2021bb,0.086532,-19.1712,18.79,37.9612,391.0569421436092,25959.6
SN2021bbm,0.014774,-16.5258,17.56,34.0858,65.63870436866543,4432.2
SN2021bbv,0.07,-19.0,18.61,37.61,332.6595532940047,21000.000000000004
SN2021bbz,0.023373,-17.2867,17.8,35.0867,104.07346161838672,7011.900000000001
SN2021bd,0.06127,-18.459,18.74,37.199,275.2960626155138,18381.0
SN2021bge,0.0136,-17.19,16.72,33.91,60.53408747539124,4080.0
SN2021bjd,0.068,-19.2,18.2,37.4,301.9951720402019,20400.0
SN2021bjw,0.051646,-18.8733,17.95,36.8233,231.55811205004096,15493.8
SN2021bjz,0.05541,-18.878,18.1,36.978,248.65660513079342,16623.0
SN2021bka,0.03705,-17.594,18.5,36.094,165.50076287699895,11115.0
SN2021bkq,0.036,-17.2,18.79,35.989999999999995,157.76112696993437,10800.0
SN2021ble,0.045,-17.9,18.64,36.54,203.23570109362208,13500.0
SN2021bmr,0.08,-19.0,18.6,37.6,331.1311214825908,24000.0
SN2021bms,0.030121,-18.6311,17.01,35.6411,134.34453361799143,9036.3
SN2021bmt,0.07,-19.0,18.67,37.67,341.97944251370944,21000.000000000004
SN2021bmx,0.01463,-18.274,15.79,34.064,64.9830363484238,4389.0
SN2021bn,0.07593,-19.792,17.88,37.672,342.2945623160411,22779.0
SN2021bnk,0.075,-18.7,18.94,37.64,337.2873086588693,22500.0
SN2021bol,0.054681,-19.1489,17.8,36.9489,245.3465751831059,16404.3
SN2021bon,0.063,-18.5,18.8,37.3,288.40315031266,18900.0
SN2021bou,0.055,-18.8,18.14,36.94,244.34305526939713,16500.0
SN2021brc,0.054368,-18.1263,18.81,36.9363,243.92707047027608,16310.4
SN2021brx,0.06232,-18.617,18.62,37.237,280.15604642568934,18696.0
SN2021btn,0.083038,-19.46,18.41,37.870000000000005,374.97300224548496,24911.4
SN2021buy,0.07,-19.0,18.51,37.510000000000005,317.68740706497755,21000.000000000004
SN2021bwf,0.194,-20.89,18.87,39.760000000000005,895.3647655495973,58200.0
SN2021bxo,0.033937,-18.1422,17.76,35.9022,151.50954710640835,10181.1
SN2021cah,0.016491,-16.2955,18.03,34.325500000000005,73.29932916517804,4947.299999999999
SN2021cai,0.032836,-17.22,18.61,35.83,146.5547840955913,9850.8
SN2021cbx,0.07,-19.0,18.86,37.86,373.2501577957199,21000.000000000004
SN2021cgu,0.025478,-17.4151,17.86,35.275099999999995,113.50630860555643,7643.400000000001
SN2021cjc,0.07484,-18.67,18.97,37.64,337.2873086588693,22452.0
SN2021cju,0.07,-19.0,18.63,37.629999999999995,335.73761424295446,21000.000000000004
SN2021cta,0.081092,-19.3176,18.5,37.8176,366.03279660314206,24327.6
SN2021cwe,0.031681,-16.9716,18.78,35.751599999999996,141.3578724286342,9504.300000000001
SN2021czn,0.073804,-19.2096,18.4,37.6096,332.5982807833078,22141.199999999997
SN2021dah,0.018,-16.4,18.14,34.54,80.90958991783813,5400.0
SN2021dap,0.026211,-18.3971,16.94,35.3371,116.79385678099146,7863.3
SN2021dbg,0.020494,-18.1997,16.6,34.7997,91.18848491054084,6148.2
SN2021ddf,0.09,-20.0,18.51,38.510000000000005,503.5006087879068,27000.0
SN2021dex,0.055,-18.0,18.97,36.97,247.7422057633286,16500.0
SN2021dhx,0.025114,-16.3736,18.87,35.2436,111.87163877996245,7534.2
SN2021dmq,0.04,-18.0,18.34,36.34,185.3531623414814,12000.0
SN2021dov,0.012797,-19.6728,14.1,33.7728,56.82768964914848,3839.1
SN2021dpu,0.016355,-17.8075,16.5,34.307500000000005,72.69423992141218,4906.5
SN2021dsb,0.025,-18.6,16.6,35.2,109.64781961431873,7500.0
SN2021dvn,0.08,-19.0,18.65,37.65,338.8441561392021,24000.0
SN2021eay,0.009,-16.0,16.9,32.9,38.018939632056124,2700.0
SN2021ebb,0.04,-18.0,18.47,36.47,196.7886289706847,12000.0
SN2021ecv,0.065078,-21.1521,16.18,37.3321,292.6981651761496,19523.399999999998
SN2021eir,0.070234,-19.3002,18.2,37.5002,316.25689301176607,21070.2
SN2021end,0.071343,-18.9748,18.56,37.5348,321.3364563196686,21402.9
SN2021eno,0.07,-19.0,18.54,37.54,322.1068791283428,21000.000000000004
SN2021enz,0.024,-16.4,18.7,35.099999999999994,104.71285480508985,7200.0
SN2021epo,0.071,-18.9,18.59,37.489999999999995,314.77483141013107,21299.999999999996
SN2021ezt,0.050162,-18.2993,18.46,36.759299999999996,224.83297131357276,15048.6
SN2021fco,0.055478,-19.6807,17.3,36.9807,248.96597604201813,16643.4
SN2021fmu,0.14,-21.2,17.87,39.07,651.6283940608428,42000.00000000001
SN2021fnc,0.042095,-17.8843,18.49,36.3743,188.30419706271135,12628.5
SN2021fnx,0.055612,-18.306,18.68,36.986000000000004,249.57437948315794,16683.600000000002
SN2021foj,0.028057,-16.9459,18.54,35.4859,125.0777326623207,8417.1
SN2021fox,0.031719,-18.9543,16.8,35.7543,141.5337455520494,9515.699999999999
SN2021fpl,0.115,-20.88,17.71,38.59,522.3961889991198,34500.0
SN2021fpm,0.018606,-18.0887,16.5,34.5887,82.74466461595608,5581.8
SN2021fpn,0.042473,-17.5239,18.87,36.3939,190.0115497009995,12741.9
SN2021fqb,0.034641,-18.6972,17.25,35.947199999999995,154.68207879960045,10392.3
SN2021ft,0.031699,-18.2329,17.52,35.7529,141.44252478336483,9509.699999999999
SN2021fwz,0.04887,-19.102,17.6,36.702,218.9777555098572,14660.999999999998
SN2021fx,0.03,-17.0,18.4,35.4,120.22644346174131,9000.0
SN2021fxf,0.012719,-16.1894,17.57,33.7594,56.47808985212298,3815.7
SN2021fxy,0.009393,-19.199,13.9,33.099000000000004,41.66774522219102,2817.9
SN2021fy,0.057106,-18.5843,18.46,37.0443,256.36574777704897,17131.8
SN2021fyh,0.058,-18.2,18.9,37.099999999999994,263.0267991895371,17400.0
SN2021fzf,0.061786,-19.3177,17.9,37.217699999999994,277.67705843503063,18535.8
SN2021fzp,0.053,-18.3,18.57,36.870000000000005,236.59196974857613,15900.0
SN2021G,0.051295,-18.6083,18.2,36.8083,229.96407721894843,15388.5
SN2021gdz,0.02073,-18.125,16.7,34.825,92.25714271547646,6218.999999999999
SN2021gft,0.07,-19.0,18.64,37.64,337.2873086588693,21000.000000000004
SN2021gl,0.06,-19.0,18.43,37.43,306.1963433690682,18000.0
SN2021gmj,0.003312,-15.732,15.1,30.832,14.668982822062876,993.5999999999999
SN2021gn,0.044,-18.3,18.22,36.519999999999996,201.37242498623812,13200.0
SN2021gpw,0.075,-19.4,18.26,37.66,340.40818970100094,22500.0
SN2021gqc,0.047,-19.0,17.59,36.59,207.96966871037023,14100.0
SN2021gtc,0.020141,-17.2617,17.5,34.761700000000005,89.6066002216549,6042.3
SN2021gtp,0.019685,-19.1118,15.6,34.7118,87.57093767776442,5905.5
SN2021gwa,0.070355,-18.624,18.88,37.504,316.810815932805,21106.5
SN2021gwn,0.048,-18.7,18.0,36.7,218.77616239495518,14400.0
SN2021hcz,0.001769,-14.1,15.37,29.47,7.83429642766212,530.6999999999999
SN2021hdt,0.018822,-17.8139,16.8,34.6139,83.71051234319236,5646.599999999999
SN2021hdv,0.040502,-19.3897,16.9,36.289699999999996,181.10898640234413,12150.6
SN2021hec,0.029,-16.9,18.61,35.51,126.47363474711523,8700.0
SN2021heh,0.026648,-17.8732,17.5,35.3732,118.75174497453224,7994.400000000001
SN2021hep,0.034,-18.6,17.27,35.870000000000005,149.27944095790005,10200.0
SN2021hfq,0.08,-19.0,18.86,37.86,373.2501577957199,24000.0
SN2021hiz,0.003319,-17.537,13.3,30.837,14.702798319828362,995.6999999999999
SN2021hjc,0.05369,-19.109,17.8,36.909000000000006,240.879588172572,16107.0
SN2021hkf,0.02,-16.0,18.59,34.59,82.79421637123362,6000.0
SN2021hkg,0.017,-16.5,17.9,34.4,75.85775750291836,5100.0
SN2021hlp,0.065,-18.6,18.7,37.3,288.40315031266,19500.0
SN2021hpr,0.009346,-19.288,13.8,33.088,41.45720317867261,2803.8
SN2021hpx,0.213,-21.68,18.29,39.97,986.2794856312099,63900.0
SN2021hrj,0.022,-16.9,18.08,34.98,99.08319448927666,6600.0
SN2021htr,0.04,-19.0,17.69,36.69,217.77097723531548,12000.0
SN2021hur,0.03,-18.0,18.04,36.04,161.43585568264868,9000.0
SN2021huu,0.046248,-18.8008,17.78,36.580799999999996,207.09041575546,13874.4
SN2021hvu,0.104,-19.67,18.7,38.370000000000005,472.0630412635919,31200.0
SN2021hyt,0.084493,-19.3084,18.6,37.9084,381.66294755709737,25347.899999999998
SN2021iaf,0.059,-18.4,18.67,37.07,259.4179362118812,17700.0
SN2021iaw,0.026901,-16.7039,18.69,35.3939,119.88918281990861,8070.3
SN2021ibn,0.044,-18.3,18.2,36.5,199.52623149688827,13200.0
SN2021ich,0.049247,-18.6188,18.1,36.7188,220.6784881599303,14774.1
SN2021iit,0.063054,-18.6525,18.61,37.2625,283.46536334896706,18916.2
SN2021iiu,0.050947,-18.6034,18.19,36.793400000000005,228.39153322306632,15284.1
SN2021ijh,0.037,-17.5,18.61,36.11,166.7247212551061,11100.0
SN2021ik,0.047,-18.7,17.9,36.599999999999994,208.92961308540325,14100.0
SN2021ikf,0.04434,-17.808,18.68,36.488,198.42664984846388,13302.0
SN2021ikn,0.07,-19.0,18.08,37.08,260.61535499988975,21000.000000000004
SN2021ill,0.056,-18.4,18.62,37.019999999999996,253.51286304979072,16800.0
SN2021imq,0.076,-18.9,18.79,37.69,345.1437393358564,22800.0
SN2021ini,0.061012,-18.52,18.67,37.19,274.15741719278753,18303.6
SN2021ipj,0.11,-19.8,18.66,38.46,492.0395356814511,33000.0
SN2021irp,0.02,-18.0,16.97,34.97,98.627948563121,6000.0
SN2021itd,0.080143,-19.0216,18.77,37.7916,361.6762573989132,24042.9
SN2021iui,0.106,-19.4,19.01,38.41,480.839348449727,31800.0
SN2021iwv,0.016188,-17.2851,17.0,34.2851,71.94821106164392,4856.400000000001
SN2021iwz,0.101767,-19.3604,18.96,38.3204,461.40256022523386,30530.1
SN2021iy,0.013639,-15.4116,18.5,33.9116,60.5787070758214,4091.7
SN2021jad,0.005534,-19.048,12.9,31.948,24.52449086072018,1660.2
SN2021jap,0.03,-18.0,17.2,35.2,109.64781961431873,9000.0
SN2021jb,0.076833,-19.2184,18.48,37.6984,346.48145940065336,23049.899999999998
SN2021jjx,0.04,-18.0,18.76,36.760000000000005,224.90546058357825,12000.0
SN2021jka,0.03,-18.0,17.2,35.2,109.64781961431873,9000.0
SN2021jlr,0.029,-16.7,18.9,35.599999999999994,131.82567385564047,8700.0
SN2021juw,0.039,-17.6,18.6,36.2,173.78008287493762,11700.0
SN2021jvn,0.063997,-20.1652,17.13,37.295199999999994,287.76634451284247,19199.1
SN2021jys,0.036,-18.2,17.79,35.989999999999995,157.76112696993437,10800.0
SN2021jze,0.047076,-18.3498,18.27,36.6198,210.843394704701,14122.8
SN2021K,0.016385,-18.8915,15.42,34.3115,72.82827106931323,4915.5
SN2021kat,0.1013,-20.14,18.17,38.31,459.19801283686945,30390.0
SN2021kdm,0.043,-18.2,18.2,36.4,190.54607179632444,12899.999999999998
SN2021kgu,0.103636,-19.3807,18.98,38.3607,470.0456089866469,31090.800000000003
SN2021khl,0.063525,-18.8789,18.4,37.2789,285.61433439737215,19057.5
SN2021kjn,0.043935,-17.8782,18.59,36.468199999999996,196.62557243842454,13180.5
SN2021kku,0.032811,-19.0583,16.77,35.8283,146.44009434274793,9843.3
SN2021kly,0.044206,-19.5817,16.9,36.481700000000004,197.85179739914616,13261.800000000001
SN2021kmc,0.032588,-19.1134,16.7,35.8134,145.43870536973955,9776.4
SN2021kmn,0.09,-19.0,18.9,37.9,380.18939632056123,27000.0
SN2021kmz,0.019937,-17.5395,17.2,34.7395,88.69517603333615,5981.1
SN2021knb,0.025945,-17.1648,18.15,35.3148,115.60057652230327,7783.5
SN2021knh,0.03,-19.0,16.69,35.69,137.4041975012515,9000.0
SN2021koj,0.014303,-16.1152,17.9,34.0152,63.53894506879066,4290.9
SN2021kom,0.04505,-19.143,17.38,36.522999999999996,201.6508235392125,13515.0
SN2021koq,0.020538,-18.4043,16.4,34.8043,91.38186136679548,6161.400000000001
SN2021kqa,0.050305,-18.5755,18.19,36.7655,225.47583296763506,15091.5
SN2021kqv,0.051,-18.8,18.0,36.8,229.086765276777,15299.999999999998
SN2021kul,0.035126,-17.3876,18.59,35.977599999999995,156.8628134012127,10537.8
SN2021kwj,0.025,-17.2,18.03,35.230000000000004,111.17317272815943,7500.0
SN2021kwk,0.08,-19.0,18.88,37.879999999999995,376.70379898390775,24000.0
SN2021kww,0.023,-17.4,17.64,35.04,101.85913880541149,6900.0
SN2021kxx,0.07,-19.0,18.58,37.58,328.095293113119,21000.000000000004
SN2021kye,0.08157,-18.961,18.87,37.831,368.2985423415724,24471.0
SN2021kzk,0.021278,-17.2116,17.67,34.881600000000006,94.6934631598073,6383.4
SN2021lax,0.033,-17.1,18.73,35.83,146.5547840955913,9900.0
SN2021ldd,0.08,-19.0,18.9,37.9,380.18939632056123,24000.0
SN2021lhg,0.09,-19.0,18.62,37.620000000000005,334.19504002611495,27000.0
SN2021lia,0.062,-19.1,18.1,37.2,275.42287033381746,18600.0
SN2021llp,0.032988,-17.5801,18.26,35.84010000000001,147.23803064903666,9896.400000000001
SN2021lnf,0.038934,-18.4432,17.76,36.2032,174.03636345717362,11680.2
SN2021lng,0.0141,-17.52,16.46,33.980000000000004,62.517269277568744,4230.0
SN2021low,0.021958,-18.5203,16.43,34.9503,97.7372240593859,6587.4
SN2021lpo,0.05,-20.0,16.99,36.989999999999995,250.03453616964296,15000.0
SN2021lqy,0.058,-19.2,17.86,37.06,258.2260190634601,17400.0
SN2021ltk,0.013643,-16.5122,17.4,33.9122,60.5954479038895,4092.9
SN2021ltl,0.018416,-17.6663,16.9,34.5663,81.8954926889632,5524.799999999999
SN2021lvb,0.03,-17.0,18.27,35.269999999999996,113.2400363235553,9000.0
SN2021lwl,0.051,-18.1,18.71,36.81,230.14418174085088,15299.999999999998
SN2021lwz,0.065,-19.9,17.4,37.3,288.40315031266,19500.0
SN2021lx,0.03,-17.0,18.77,35.769999999999996,142.56075936021878,9000.0
SN2021lxb,0.0259,-17.29,18.02,35.31,115.34532578210953,7770.0
SN2021lzp,0.06,-19.0,18.49,37.489999999999995,314.77483141013107,18000.0
SN2021mdk,0.02,-17.0,17.95,34.95,97.72372209558111,6000.0
SN2021me,0.095,-19.5,18.7,38.2,436.51583224016656,28500.0
SN2021meh,0.07209,-18.978,18.58,37.558,324.7880187635368,21627.0
SN2021mfb,0.016948,-15.4051,18.98,34.3851,75.33902578383879,5084.400000000001
SN2021mfg,0.06,-19.0,17.9,36.9,239.88329190194852,18000.0
SN2021mhm,0.096735,-19.448,18.76,38.208,438.1269820224935,29020.5
SN2021min,0.042097,-17.7844,18.59,36.3744,188.31286899113013,12629.1
SN2021mj,0.04,-19.0,17.5,36.5,199.52623149688827,12000.0
SN2021mkr,0.28,-21.8,18.83,40.629999999999995,1336.5955165464406,84000.00000000001
SN2021mnj,0.01521,-15.649,18.5,34.149,67.57716993552872,4563.0
SN2021mqh,0.0233,-17.52,17.56,35.08,103.75284158180126,6990.0
SN2021mqv,0.049,-18.5,18.25,36.75,223.87211385683378,14700.0
SN2021mry,0.026822,-17.1975,18.19,35.3875,119.536352567372,8046.599999999999
SN2021mur,0.036,-17.3,18.76,36.06,162.92960326397213,10800.0
SN2021njk,0.012952,-16.989,16.81,33.799,57.51749984619448,3885.6
SN2021njo,0.03797,-18.828,17.32,36.147999999999996,169.66802323464623,11390.999999999998
SN2021nkb,0.038,-19.2,16.97,36.17,171.39573075084252,11400.0
SN2021nkl,0.029,-17.1,18.45,35.55,128.82495516931323,8700.0
SN2021nlg,0.0235,-16.6,18.5,35.1,104.71285480508985,7050.0
SN2021nli,0.030067,-17.1372,18.5,35.6372,134.10346518228206,9020.1
SN2021nof,0.02558,-17.764,17.52,35.284,113.97248040197464,7674.0
SN2021nsd,0.046,-18.2,18.34,36.54,203.23570109362208,13800.0
SN2021nv,0.029454,-18.5322,17.06,35.5922,131.35300115464932,8836.2
SN2021nya,0.064454,-18.7109,18.6,37.310900000000004,289.8544685018498,19336.2
SN2021nzb,0.045,-18.6,17.9,36.5,199.52623149688827,13500.0
SN2021oat,0.022619,-19.3151,15.7,35.015100000000004,100.69780408365602,6785.7
SN2021och,0.032056,-18.5774,17.2,35.7774,143.0474103536265,9616.800000000001
SN2021oez,0.039074,-18.911,17.3,36.211,174.66263188852164,11722.199999999999
SN2021ohb,0.07,-19.0,18.53,37.53,320.62693245054675,21000.000000000004
SN2021ohf,0.015716,-15.3406,18.88,34.2206,69.8425359476725,4714.8
SN2021ohp,0.064,-18.7,18.58,37.28,285.7590543374944,19200.0
SN2021ojn,0.080668,-18.946,18.86,37.806,364.0826637894004,24200.4
SN2021okv,0.048,-19.0,17.7,36.7,218.77616239495518,14400.0
SN2021ooe,0.065,-18.6,18.7,37.3,288.40315031266,19500.0
SN2021os,0.019,-17.8,16.85,34.650000000000006,85.11380382023793,5700.0
SN2021oud,0.066041,-19.5545,17.81,37.3645,297.0981859118724,19812.3
SN2021oul,0.034,-17.5,18.4,35.9,151.3561248436207,10200.0
SN2021ovi,0.04,-18.0,18.39,36.39,189.67059212111482,12000.0
SN2021owq,0.089,-19.1,18.97,38.07,411.14972110452294,26700.0
SN2021oxn,0.026642,-18.4727,16.9,35.372699999999995,118.72440452256443,7992.599999999999
SN2021oza,0.031407,-19.0326,16.7,35.7326,140.1264114051361,9422.099999999999
SN2021pbf,0.07,-19.0,18.81,37.81,364.7539469256088,21000.000000000004
SN2021pc,0.016348,-18.2465,16.06,34.3065,72.66077069393997,4904.400000000001
SN2021pde,0.049797,-17.8632,18.88,36.7432,223.17215135537197,14939.1
SN2021pfs,0.008733,-18.631,14.31,32.941,38.743602472800234,2619.8999999999996
SN2021pit,0.003896,-18.885,12.3,31.185000000000002,17.258378919902043,1168.8
SN2021pkd,0.039935,-17.6588,18.6,36.2588,178.55005980708532,11980.5
SN2021pkq,0.069,-18.9,18.55,37.45,309.0295432513592,20700.0
SN2021pkz,0.009316,-17.461,15.62,33.080999999999996,41.32377611997563,2794.7999999999997
SN2021pl,0.074,-19.1,18.55,37.650000000000006,338.84415613920345,22200.0
SN2021pla,0.023646,-16.3121,18.8,35.1121,105.2979703234257,7093.8
SN2021pni,0.023,-16.3,18.71,35.010000000000005,100.46157902783968,6900.0
SN2021pnp,0.03,-17.0,18.8,35.8,144.5439770745928,9000.0
SN2021poa,0.08,-19.0,18.98,37.980000000000004,394.45730207527845,24000.0
SN2021pok,0.06986,-18.508,18.98,37.488,314.48504654769624,20958.0
SN2021pp,0.246,-21.42,18.87,40.290000000000006,1142.8783347897759,73800.0
SN2021pqk,0.03676,-19.177,16.9,36.077,164.21015082946016,11028.0
SN2021puu,0.073,-19.0,18.59,37.59,329.6097121774583,21900.0
SN2021qar,0.041,-18.4,17.92,36.32,183.65383433483436,12300.0
SN2021qcs,0.011258,-14.6437,18.85,33.493700000000004,49.973526783014975,3377.4
SN2021qfy,0.065,-19.0,18.28,37.28,285.7590543374944,19500.0
SN2021qfz,0.029535,-17.9182,17.68,35.5982,131.71644479421508,8860.5
SN2021qgr,0.021138,-17.2672,17.6,34.8672,94.06758618858971,6341.400000000001
SN2021qil,0.03,-18.0,17.4,35.4,120.22644346174131,9000.0
SN2021qip,0.015657,-15.8124,18.4,34.2124,69.57929115150722,4697.1
SN2021qoo,0.065,-18.7,18.58,37.28,285.7590543374944,19500.0
SN2021qoq,0.03,-17.0,18.5,35.5,125.89254117941661,9000.0
SN2021qqn,0.023486,-18.9972,16.1,35.0972,104.57792007465089,7045.8
SN2021qug,0.057,-19.2,17.89,37.09,261.8183008218992,17100.0
SN2021qve,0.034551,-17.4915,18.45,35.9415,154.27657898057586,10365.3
SN2021qvg,0.055,-18.4,18.52,36.92,242.102904673618,16500.0
SN2021qvv,0.001825,-16.237,13.3,29.537,8.07978863683088,547.5
SN2021qwf,0.018639,-16.1226,18.47,34.5926,82.89340892196714,5591.7
SN2021qwq,0.010971,-16.2374,17.2,33.4374,48.69450999989401,3291.3
SN2021qxu,0.037613,-18.1275,18.0,36.1275,168.07379257087376,11283.9
SN2021qy,0.07,-19.0,18.6,37.6,331.1311214825908,21000.000000000004
SN2021qye,0.049341,-18.323,18.4,36.723,221.1057312450639,14802.300000000001
SN2021qzp,0.02,-17.0,18.24,35.239999999999995,111.68632477805566,6000.0
SN2021re,0.029837,-16.7204,18.9,35.620400000000004,133.0699519312848,8951.1
SN2021rem,0.03,-18.0,17.72,35.72,139.31568029453035,9000.0
SN2021rfs,0.018446,-15.9699,18.6,34.569900000000004,82.031376661495,5533.8
SN2021rgm,0.017,-17.9,16.5,34.4,75.85775750291836,5100.0
SN2021rgw,0.027409,-18.7348,16.7,35.434799999999996,122.16871334396322,8222.699999999999
SN2021rhk,0.022515,-17.345,17.66,35.004999999999995,100.23052380778984,6754.5
SN2021rjj,0.06,-19.0,18.18,37.18,272.89777828080406,18000.0
SN2021rll,0.103,-20.34,18.01,38.35,467.73514128719813,30900.0
SN2021rsu,0.016,-16.3,17.98,34.28,71.77942912713615,4800.0
SN2021sbu,0.032728,-17.7928,18.03,35.8228,146.0696538186691,9818.4
SN2021scx,0.062,-18.5,18.77,37.269999999999996,284.4461107447908,18600.0
SN2021seh,0.088,-19.2,18.75,37.95,389.04514499428046,26400.0
SN2021sev,0.0511,-18.4,18.4,36.8,229.086765276777,15330.0
SN2021sgz,6.6e-05,-5.63764,16.69,22.327640000000002,0.2920976076423668,19.8
SN2021shl,0.07,-19.0,18.79,37.79,361.40986263961315,21000.000000000004
SN2021sic,0.04,-18.0,18.59,36.59,207.96966871037023,12000.0
SN2021sis,0.097,-19.8,18.46,38.260000000000005,448.7453899331332,29100.0
SN2021skf,0.01175,-18.557,15.03,33.586999999999996,52.167497030760074,3525.0
SN2021slh,0.085,-19.3,18.6,37.900000000000006,380.1893963205628,25500.000000000004
SN2021slw,0.034457,-18.4355,17.5,35.935500000000005,153.85088542764117,10337.1
SN2021smj,0.004243,-18.541,12.83,31.371000000000002,18.80182473490267,1272.9
SN2021soe,0.012,-17.6,16.07,33.67,54.20008904016238,3600.0
SN2021sos,0.014,-18.8,15.15,33.95,61.65950018614834,4200.0
SN2021sqe,0.036673,-18.312,17.76,36.072,163.8324779628644,11001.9
SN2021sry,0.074,-18.9,18.68,37.58,328.095293113119,22200.0
SN2021ssv,0.053,-18.7,18.17,36.870000000000005,236.59196974857613,15900.0
SN2021sub,0.059018,-18.5468,18.57,37.1168,265.06964716824757,17705.4
SN2021sul,0.03,-17.0,18.27,35.269999999999996,113.2400363235553,9000.0
SN2021suu,0.025564,-18.8125,16.47,35.2825,113.89377818757066,7669.2
SN2021svy,0.017,-16.9,17.53,34.43,76.91304402866098,5100.0
SN2021swl,0.0885,-19.38,18.63,38.01,399.9447497610978,26550.0
SN2021T,0.045387,-19.1396,17.4,36.5396,203.19826714186587,13616.099999999999
SN2021tgf,0.02508,-16.531,18.71,35.241,111.73777007616951,7524.000000000001
SN2021th,0.029544,-17.6988,17.9,35.5988,131.75284442145178,8863.2
SN2021thm,0.035,-18.2,17.76,35.96,155.5965631605075,10500.000000000002
SN2021ti,0.029494,-18.5951,17.0,35.5951,131.52854019287506,8848.199999999999
SN2021tiq,0.02388,-18.034,17.1,35.134,106.36530750764376,7163.999999999999
SN2021tjc,0.052,-17.9,18.89,36.79,228.0342072000421,15600.0
SN2021tjm,0.034,-19.1,16.77,35.870000000000005,149.27944095790005,10200.0
SN2021tk,0.08,-19.0,18.89,37.89,378.4425847170928,24000.0
SN2021tkm,0.006535,-19.51,12.8,32.31,28.973435877013273,1960.5
SN2021tkr,0.04986,-18.926,17.82,36.745999999999995,223.46010577312214,14958.0
SN2021tks,0.065,-18.7,18.59,37.29,287.0780582024692,19500.0
SN2021tol,0.039861,-18.6247,17.63,36.2547,178.21325397304892,11958.3
SN2021tqg,0.052603,-18.3637,18.5,36.8637,235.90655035857517,15780.9
SN2021tqq,0.09,-19.0,18.94,37.94,387.2576449216165,27000.0
SN2021tsd,0.022,-16.5,18.43,34.93,96.82778562612486,6600.0
SN2021tst,0.041487,-17.4924,18.85,36.3424,185.5581354786598,12446.1
SN2021tsz,0.04,-19.0,17.39,36.39,189.67059212111482,12000.0
SN2021tvk,0.079,-19.0,18.77,37.769999999999996,358.0964371026348,23700.0
SN2021twb,0.0609,-19.35,17.84,37.19,274.15741719278753,18270.0
SN2021twd,0.035278,-18.7871,17.2,35.9871,157.55057771228263,10583.4
SN2021twg,0.074,-19.3,18.27,37.57,326.5878321723353,22200.0
SN2021twj,0.08,-19.0,18.37,37.370000000000005,297.85164294291906,24000.0
SN2021tyf,0.027238,-17.9211,17.5,35.421099999999996,121.40036710136535,8171.4
SN2021tyw,0.012999,-17.2869,16.52,33.8069,57.72713447082394,3899.7
SN2021ubz,0.02,-17.0,17.5,34.5,79.43282347242821,6000.0
SN2021udg,0.012,-16.7,16.95,33.65,53.703179637025215,3600.0
SN2021udi,0.01,-16.0,17.63,33.629999999999995,53.21082592667931,3000.0
SN2021ugo,0.059996,-18.503,18.65,37.153,269.52558665040993,17998.8
SN2021ugu,0.026475,-16.519,18.84,35.358999999999995,117.97772030511923,7942.5
SN2021uha,0.0079,-17.9,14.8,32.7,34.67368504525324,2370.0000000000005
SN2021ujx,0.020084,-17.5555,17.2,34.7555,89.35111986052183,6025.200000000001
SN2021ukf,0.038,-17.2,18.97,36.17,171.39573075084252,11400.0
SN2021ukt,0.012886,-18.1879,15.6,33.7879,57.22423558816749,3865.8
SN2021ulv,0.030363,-17.8087,17.85,35.6587,135.43783410340004,9108.9
SN2021umd,0.06,-19.0,17.83,36.83,232.2736796357105,18000.0
SN2021umh,0.028365,-19.4098,16.1,35.5098,126.46198663129792,8509.5
SN2021ums,0.048557,-18.5878,18.1,36.6878,217.55045703223337,14567.1
SN2021umz,0.076,-19.1,18.6,37.7,346.73685045253234,22800.0
SN2021uns,0.06098,-18.639,18.55,37.189,274.03119210302725,18294.0
SN2021us,0.067,-18.5,18.94,37.44,307.6096814740705,20100.0
SN2021uth,0.025,-17.8,17.46,35.260000000000005,112.7197456175514,7500.0
SN2021uuh,0.053,-18.7,18.15,36.849999999999994,234.42288153199178,15900.0
SN2021uux,0.032,-18.3,17.48,35.78,143.21878992735455,9600.0
SN2021uve,0.055,-18.1,18.87,36.97,247.7422057633286,16500.0
SN2021uzt,0.061,-18.7,18.5,37.2,275.42287033381746,18300.0
SN2021uzz,0.089,-19.2,18.8,38.0,398.10717055349687,26700.0
SN2021V,0.027252,-21.3722,14.05,35.422200000000004,121.46188030900977,8175.599999999999
SN2021vac,0.0421,-18.77,17.6,36.370000000000005,187.93168168032724,12630.0
SN2021vgn,0.108091,-20.2541,18.2,38.4541,490.70445402284304,32427.300000000003
SN2021vil,0.037873,-19.2426,16.9,36.1426,169.2466183589882,11361.9
SN2021vla,0.05,-19.0,17.96,36.96,246.6039337234336,15000.0
SN2021vnv,0.079,-19.2,18.57,37.769999999999996,358.0964371026348,23700.0
SN2021vnw,0.017166,-15.913,18.5,34.413,76.31325887051011,5149.8
SN2021vqb,0.07,-19.0,18.66,37.66,340.40818970100094,21000.000000000004
SN2021vtq,0.020888,-16.3112,18.53,34.8412,92.94798944512627,6266.400000000001
SN2021vts,0.066,-19.1,18.3,37.400000000000006,301.9951720402019,19800.0
SN2021vuw,0.2,-21.0,18.83,39.83,924.6981739382211,60000.0
SN2021vwx,0.06,-20.0,17.39,37.39,300.6076302628229,18000.0
SN2021wac,0.091,-19.4,18.7,38.099999999999994,416.86938347033464,27300.0
SN2021wad,0.019864,-17.0315,17.7,34.7315,88.36901211414548,5959.2
SN2021waf,0.1265,-20.994,17.81,38.804,576.5009137698544,37950.0
SN2021wil,0.048,-17.8,18.83,36.629999999999995,211.83611352484957,14400.0
SN2021wjb,0.02004,-18.821,15.93,34.751000000000005,89.16614688795417,6012.0
SN2021wkv,0.027329,-18.4284,17.0,35.428399999999996,121.80917450178119,8198.699999999999
SN2021wkw,0.022692,-17.2821,17.74,35.022099999999995,101.02293922564044,6807.6
SN2021wlx,0.06,-19.0,18.51,37.510000000000005,317.68740706497755,18000.0
SN2021wqc,0.068539,-18.9363,18.51,37.4463,308.5034321559141,20561.7
SN2021wqd,0.019747,-15.8786,18.84,34.7186,87.8455972722528,5924.1
SN2021wqi,0.016724,-18.7061,15.65,34.3561,74.3395623500525,5017.2
SN2021wrq,0.06,-19.0,18.5,37.5,316.22776601683796,18000.0
SN2021wtt,0.037,-17.3,18.83,36.129999999999995,168.26740610704638,11100.0
SN2021wuf,0.01,-19.0,13.8,32.8,36.3078054770101,3000.0
SN2021wun,0.022805,-16.433,18.6,35.033,101.53131241457626,6841.5
SN2021wvf,0.05,-18.0,18.36,36.36,187.06821403658014,15000.0
SN2021wvw,0.009944,-15.323,17.9,33.223,44.1163933176913,2983.2
SN2021wwp,0.027776,-17.0639,18.4,35.463899999999995,123.81692098467381,8332.8
SN2021wwq,0.050185,-17.9603,18.8,36.7603,224.93653456769573,15055.5
SN2021xab,0.064,-18.7,18.6,37.3,288.40315031266,19200.0
SN2021xav,0.02635,-17.049,18.3,35.349000000000004,117.43566191849922,7904.999999999999
SN2021xct,0.068722,-18.5022,18.95,37.4522,309.34279130684854,20616.600000000002
SN2021xel,0.04,-18.0,18.1,36.1,165.9586907437563,12000.0
SN2021xfk,0.07,-19.0,18.45,37.45,309.0295432513592,21000.000000000004
SN2021xft,0.028,-16.7,18.8,35.5,125.89254117941661,8400.0
SN2021xjj,0.029147,-18.4692,17.1,35.5692,129.96906660833486,8744.1
SN2021xju,0.015577,-19.3512,14.85,34.2012,69.2213396500619,4673.1
SN2021xr,0.046729,-18.9435,17.66,36.6035,209.26663937233837,14018.7
SN2021xsm,0.041,-17.6,18.73,36.33,184.50154191794738,12300.0
SN2021xuc,0.02,-16.0,18.48,34.480000000000004,78.70457896951001,6000.0
SN2021xwg,0.025981,-18.0278,17.29,35.3178,115.76039499411696,7794.3
SN2021xy,0.060855,-19.1343,18.05,37.1843,273.4387121952942,18256.5
SN2021yam,0.02,-18.0,17.18,35.18,108.64256236170645,6000.0
SN2021yja,0.005307,-17.657,14.2,31.857,23.51797909558366,1592.1000000000001
SN2021yjg,0.026618,-16.8408,18.53,35.3708,118.62056819993296,7985.4
SN2021yke,0.043,-17.5,18.9,36.4,190.54607179632444,12899.999999999998
SN2021yle,0.078,-19.1,18.6,37.7,346.73685045253234,23400.0
SN2021ylh,0.049204,-18.7169,18.0,36.716899999999995,220.48548283144157,14761.199999999999
SN2021ylx,0.056,-18.8,18.24,37.04,255.85858869056426,16800.0
SN2021ymn,0.051,-18.6,18.2,36.8,229.086765276777,15299.999999999998
SN2021yng,0.032339,-17.9666,17.83,35.7966,144.317833295306,9701.7
SN2021yno,0.07,-19.0,18.65,37.65,338.8441561392021,21000.000000000004
SN2021yok,0.015,-16.9,17.24,34.14,67.29766562843183,4500.0
SN2021ypc,0.039,-18.1,18.1,36.2,173.78008287493762,11700.0
SN2021yqm,0.064,-18.6,18.69,37.290000000000006,287.07805820247034,19200.0
SN2021yrf,0.016545,-17.8427,16.49,34.3327,73.54277277530826,4963.5
SN2021ytk,0.03,-17.0,18.55,35.55,128.82495516931323,9000.0
SN2021ytn,0.02,-16.0,18.6,34.6,83.17637711026708,6000.0
SN2021ytp,0.065,-18.9,18.42,37.32,291.07171180666086,19500.0
SN2021ytv,0.124,-20.21,18.55,38.760000000000005,564.9369748123034,37200.0
SN2021yxy,0.04416,-18.079,18.4,36.479,197.6059421548991,13248.0
SN2021yyg,0.011625,-16.0635,17.5,33.563500000000005,51.60597646630213,3487.5
SN2021yyn,0.04,-18.0,18.1,36.1,165.9586907437563,12000.0
SN2021zaa,0.031,-17.3,18.41,35.71,138.67558288718868,9300.0
SN2021zco,0.031599,-16.826,18.92,35.746,140.99379493587247,9479.7
SN2021zde,0.079,-18.9,18.89,37.79,361.40986263961315,23700.0
SN2021zek,0.028,-17.6,17.86,35.46,123.59474334445119,8400.0
SN2021zet,0.032349,-17.6773,18.12,35.7973,144.36436336748847,9704.7
SN2021zfq,0.0259,-18.31,17.0,35.31,115.34532578210953,7770.0
SN2021zfs,0.019623,-17.5249,17.18,34.704899999999995,87.2931167496587,5886.900000000001
SN2021zft,0.058,-18.7,18.33,37.03,254.68302525850444,17400.0
SN2021zgb,0.06,-19.0,17.75,36.75,223.87211385683378,18000.0
SN2021zgf,0.054,-19.4,17.5,36.9,239.88329190194852,16200.0
SN2021zgk,0.053,-18.4,18.53,36.93,243.22040090738108,15900.0
SN2021zgu,0.068,-18.6,18.78,37.38,299.22646366081955,20400.0
SN2021zhi,0.01023,-16.285,17.0,33.285,45.39416166502023,3069.0
SN2021zho,0.022,-18.8,16.2,35.0,100.0,6600.0
SN2021zj,0.046,-19.6,17.0,36.6,208.9296130854041,13800.0
SN2021zny,0.026602,-19.8695,15.5,35.3695,118.54957462545464,7980.6
SN2021zo,0.03,-17.0,18.72,35.72,139.31568029453035,9000.0
SN2021zom,0.089,-19.5,18.5,38.0,398.10717055349687,26700.0
SN2021zqc,0.028,-18.0,17.5,35.5,125.89254117941661,8400.0
SN2021zri,0.041323,-18.9837,17.35,36.3337,184.81618447362794,12396.9
SN2021zs,0.07,-19.0,18.63,37.629999999999995,335.73761424295446,21000.000000000004
SN2021zsw,0.028917,-19.0519,16.5,35.5519,128.93772405763556,8675.1
SN2021zty,0.065,-18.7,18.62,37.32,291.07171180666086,19500.0
SN2021zu,0.076,-19.6,18.09,37.69,345.1437393358564,22800.0
SN2021zw,0.098,-19.6,18.59,38.19,434.51022417157145,29400.0
SN2021zxq,0.025,-18.1,17.14,35.24,111.68632477805612,7500.0
SN2021zyd,0.025,-16.7,18.51,35.21,110.15393095414146,7500.0
SN2021zys,0.06,-20.0,17.4,37.4,301.9951720402019,18000.0
SN2022aav,0.038,-17.4,18.77,36.17,171.39573075084252,11400.0
SN2022aba,0.053,-19.0,17.89,36.89,238.78112829131783,15900.0
SN2022abq,0.007979,-16.434,16.31,32.744,35.38343568147222,2393.7
SN2022acm,0.05,-20.0,16.73,36.730000000000004,221.81964198002194,15000.0
SN2022ad,0.03,-17.0,18.27,35.269999999999996,113.2400363235553,9000.0
SN2022adr,0.022,-16.1,18.87,34.97,98.627948563121,6600.0
SN2022aey,0.015,-15.8,18.35,34.150000000000006,67.60829753919832,4500.0
SN2022ahb,0.05,-19.0,17.5,36.5,199.52623149688827,15000.0
SN2022aj,0.03,-19.0,16.42,35.42,121.33888504649761,9000.0
SN2022als,0.045,-18.3,18.22,36.519999999999996,201.37242498623812,13500.0
SN2022amb,0.043957,-18.0893,18.38,36.469300000000004,196.72520203555263,13187.1
SN2022an,0.007397,-16.509,16.07,32.579,32.7944234432135,2219.1
SN2022anj,0.069,-19.1,18.41,37.510000000000005,317.68740706497755,20700.0
SN2022anu,0.074,-19.4,18.22,37.62,334.1950400261136,22200.0
SN2022anz,0.023,-17.5,17.59,35.09,104.23174293933057,6900.0
SN2022aod,0.02721,-17.559,17.86,35.419,121.28301928946928,8163.000000000001
SN2022aoe,0.022085,-18.3729,16.59,34.962900000000005,98.30599426559495,6625.5
SN2022aqk,0.06,-19.0,17.8,36.8,229.086765276777,18000.0
SN2022aqm,0.026308,-16.6552,18.69,35.345200000000006,117.2303333703166,7892.400000000001
SN2022aqq,0.02372,-17.429,17.69,35.119,105.63309388106862,7116.0
SN2022aqy,0.061,-18.9,18.3,37.2,275.42287033381746,18300.0
SN2022aqz,0.030353,-18.0679,17.59,35.6579,135.3879461516109,9105.9
SN2022atm,0.036911,-18.9462,17.14,36.086200000000005,164.9073451434334,11073.3
SN2022ba,0.030458,-18.4555,17.21,35.6655,135.86262458274902,9137.4
SN2022baw,0.041333,-18.6343,17.7,36.3343,184.8672581283463,12399.9
SN2022baz,0.03,-17.0,18.8,35.8,144.5439770745928,9000.0
SN2022bbt,0.04,-19.0,17.09,36.09,165.19617982290148,12000.0
SN2022bcc,0.06,-19.0,18.3,37.3,288.40315031266,18000.0
SN2022bcf,0.032679,-20.1195,15.7,35.8195,145.84783945478873,9803.7
SN2022bck,0.026,-17.7,17.6,35.3,114.81536214968793,7800.0
SN2022bdw,0.037817,-18.6694,17.47,36.139399999999995,168.99739100768707,11345.1
SN2022bf,0.020754,-17.2272,17.6,34.827200000000005,92.35065924550344,6226.200000000001
SN2022bid,0.039,-17.7,18.5,36.2,173.78008287493762,11700.0
SN2022big,0.018,-17.0,17.54,34.54,80.90958991783813,5400.0
SN2022bij,0.04893,-17.995,18.71,36.705,219.2804935350445,14679.0
SN2022bji,0.069237,-18.9887,18.48,37.4687,311.70229506479984,20771.100000000002
SN2022bjo,0.084,-19.1,18.8,37.900000000000006,380.1893963205628,25200.0
SN2022bke,0.031739,-17.5556,18.2,35.7556,141.6185032286399,9521.7
SN2022bky,0.0707,-19.17,18.34,37.510000000000005,317.68740706497755,21210.0
SN2022bkz,0.02,-19.0,16.2,35.2,109.64781961431873,6000.0
SN2022bl,0.022866,-17.1388,17.9,35.038799999999995,101.80286491559038,6859.8
SN2022bll,0.024482,-16.438,18.75,35.188,109.04355455436622,7344.6
SN2022blw,0.024981,-19.332,15.9,35.232,111.27561417305206,7494.3
SN2022bme,0.076476,-19.6181,18.07,37.6881,344.84187674226257,22942.8
SN2022bpb,0.070263,-19.1311,18.37,37.5011,316.387997692394,21078.9
SN2022bqi,0.01464,-17.966,16.1,34.066,65.04291550788014,4392.0
SN2022btq,0.05,-19.0,17.47,36.47,196.7886289706847,15000.0
SN2022btu,0.01,-15.0,18.59,33.59,52.23961889991208,3000.0
SN2022cap,0.017859,-17.5993,16.9,34.4993,79.40722148227192,5357.7
SN2022car,0.061,-18.9,18.33,37.23,279.25438412373364,18300.0
SN2022cb,0.035,-18.8,17.17,35.97,156.31476426409506,10500.000000000002
SN2022cba,0.05595,-18.569,18.43,36.998999999999995,251.07299313735132,16785.0
SN2022ccg,0.07,-19.0,18.8,37.8,363.0780547701003,21000.000000000004
SN2022ceh,0.048167,-18.3001,18.37,36.670100000000005,215.7843779242953,14450.1
SN2022cek,0.024455,-16.7055,18.48,35.185500000000005,108.91808576226549,7336.5
SN2022ck,0.04,-19.0,17.2,36.2,173.78008287493762,12000.0
SN2022csn,0.15,-20.9,18.28,39.18,685.488226452662,45000.0
SN2022cvw,0.09,-19.0,18.85,37.85,371.5352290971728,27000.0
SN2022cxa,0.088,-19.1,18.86,37.96,390.8408957924025,26400.0
SN2022dca,0.05,-19.0,17.83,36.83,232.2736796357105,15000.0
SN2022dhv,0.049381,-18.2248,18.5,36.7248,221.28908854367248,14814.300000000001
SN2022dl,0.047037,-18.818,17.8,36.618,210.66869257394188,14111.1
SN2022dma,0.084,-19.4,18.5,37.9,380.18939632056123,25200.0
SN2022dme,0.048914,-18.6139,18.09,36.703900000000004,219.16944102625197,14674.199999999999
SN2022doj,0.077947,-19.0702,18.66,37.730199999999996,351.5928219326796,23384.100000000002
SN2022dok,0.079,-19.2,18.6,37.8,363.0780547701003,23700.0
SN2022dpu,0.063798,-19.2283,18.06,37.2883,286.85339879100746,19139.399999999998
SN2022ds,0.017679,-19.1772,15.3,34.477199999999996,78.60315893691357,5303.7
SN2022dv,0.025,-16.8,18.4,35.2,109.64781961431873,7500.0
SN2022dvj,0.012,-17.7,15.9,33.6,52.480746024977336,3600.0
SN2022dy,0.046283,-18.1925,18.39,36.582499999999996,207.25260595825722,13884.9
SN2022ead,0.028206,-18.0975,17.4,35.4975,125.74768543676616,8461.8
SN2022eaz,0.0607,-19.01,18.17,37.18000000000001,272.8977782808052,18210.0
SN2022eb,0.03251,-18.208,17.6,35.808,145.07747890889115,9753.0
SN2022ec,0.011294,-15.1006,18.4,33.5006,50.13257359115428,3388.2000000000003
SN2022ehu,0.018,-18.0,16.5,34.5,79.43282347242821,5400.0
SN2022eje,0.039404,-18.4195,17.81,36.2295,176.15703831392665,11821.2
SN2022eji,0.017,-17.4,17.04,34.44,77.26805850957021,5100.0
SN2022emj,0.064,-19.1,18.22,37.32,291.07171180666086,19200.0
SN2022eqn,0.032,-19.4,16.4,35.8,144.5439770745928,9600.0
SN2022ery,0.074439,-19.6085,18.02,37.6285,335.50577499889806,22331.7
SN2022esa,0.023,-18.0,17.1,35.1,104.71285480508985,6900.0
SN2022ewz,0.069458,-19.2757,18.2,37.4757,312.70872584931647,20837.4
SN2022eyw,0.008729,-17.44,15.5,32.94,38.725764492161645,2618.7000000000003
SN2022fna,0.027429,-16.5164,18.92,35.436400000000006,122.25876375030174,8228.699999999999
SN2022fw,0.006686,-18.86,13.5,32.36,29.64831389524339,2005.8
SN2022gs,0.035,-18.4,17.6,36.0,158.4893192461111,10500.000000000002
SN2022ih,0.069,-18.9,18.61,37.51,317.6874070649763,20700.0
SN2022jc,0.024775,-17.104,18.11,35.214,110.3570289964014,7432.499999999999
SN2022ji,0.04751,-18.07,18.57,36.64,212.81390459827088,14252.999999999998
SN2022jo,0.02615,-17.912,17.42,35.332,116.51987230249999,7845.0
SN2022mm,0.013369,-16.728,17.14,33.868,59.37450473021954,4010.7000000000003
SN2022mo,0.060404,-19.3779,17.79,37.1679,271.3813509033256,18121.2
SN2022mq,0.076,-19.1,18.56,37.66,340.40818970100094,22800.0
SN2022ov,0.035,-18.3,17.7,36.0,158.4893192461111,10500.000000000002
SN2022ow,0.038587,-17.3835,18.8,36.1835,172.46461370742554,11576.1
SN2022pr,0.068548,-19.1666,18.28,37.446600000000004,308.54605642446853,20564.399999999998
SN2022qh,0.02,-19.0,16.11,35.11,105.19618738232234,6000.0
SN2022re,0.047479,-19.4985,17.14,36.6385,212.66694872358283,14243.7
SN2022rp,0.02,-17.0,17.58,34.58,82.41381150130013,6000.0
SN2022S,0.027252,-16.8922,18.53,35.422200000000004,121.46188030900977,8175.599999999999
SN2022sr,0.042,-18.4,17.96,36.36,187.06821403658014,12600.0
SN2022wr,0.08,-19.0,18.55,37.55,323.5936569296281,24000.0
SN2022yy,0.05,-18.0,18.3,36.3,181.97008586099824,15000.0
SN2022Z,0.029837,-16.9604,18.66,35.620400000000004,133.0699519312848,8951.1
